AIANNHCE,community_name,population,testing,testing_date,testing_url,school,school_date,school_url,work,work_date,work_url,shelter,shelter_date,shelter_url,shelter_enforcement,shelter_enforcement_date,shelter_enforcement_url,event,event_date,event_url,transport,transport_date,transport_url,fdpir,fdpir_url,revenue,revenue_date,revenue_url,checkpoint,checkpoint_date,checkpoint_url,testing_time,parks,updated
3370,Pueblo of Sandia,417,,,,,,,True,2020-03-17,https://www.sandiacasino.com/your-safety-matters/,,,,,,,,,,,,,,,,,,,,,,,2020-05-09 16:36:38
990,Cherokee Nation,,True,2020-04-02,https://www.theonefeather.com/2020/04/cherokee-indian-hospital-starting-drive-thru-covid-19-testing/,True,2020-03-17,https://www.tahlequahdailypress.com/news/cherokee-nation-closes-schools-museums/article_58fb6a75-5257-57d8-86f8-68f110234fe3.html,True,2020-03-17,https://www.tahlequahdailypress.com/news/cherokee-nation-closes-schools-museums/article_58fb6a75-5257-57d8-86f8-68f110234fe3.html,,,,,,,True,2020-03-17,https://www.tahlequahdailypress.com/news/cherokee-nation-closes-schools-museums/article_58fb6a75-5257-57d8-86f8-68f110234fe3.html,,,,,,,,,,,,,,2020-05-09 16:37:20
3970,Standing Rock Sioux Tribe (North Dakota and South Dakota),8618,True,2020-05-09,https://www.kfyrtv.com/content/news/Standing-Rock-to-hold-mass-COIVD-19-testing-on-Saturday-570245661.html,True,2020-03-30,https://www.standing-rock.k12.nd.us/,True,2020-03-13,https://www.srstcovid19.com/,True,2020-03-13,https://www.srstcovid19.com/,False,,,True,,https://www.standingrock.org/content/covid-19,,,,,,,,,,,,,,2020-05-09 16:43:16
5590,The Choctaw Nation of Oklahoma,79006,True,2020-04-20,https://www.choctawnation.com/news-events/press-media/choctaw-nation-offers-covid-19-testing-public,True,2020-03-25,https://www.choctawnation.com/news-events/press-media/choctaw-nation-oklahoma-updates-related-coronavirus,True,2020-03-17,http://choctawnation.com/covid-19,False,,,False,2020-01-01,,True,2020-03-17,http://choctawnation.com/covid-19,,,,,,,,,,,,,,2020-05-09 16:49:26
4610,Wind River Inter-Tribal ,26490,True,2020-04-06,https://www.facebook.com/WRFCHCOfficial/posts/3972188532851114,True,,https://www.wyomingpublicmedia.org/post/wind-river-tribes-declare-states-emergency-prepare-covid-19#stream/0,True,,https://county10.com/wp-content/uploads/2020/04/2020-11357-WRIC-Rsltn-COVID-19.pdf,True,2020-03-23,https://www.wyomingpublicmedia.org/post/covid-19-reaches-wind-river-tribes-issue-stay-home-directive#stream/0,True,2020-04-18,https://trib.com/news/state-and-regional/tribal-court-says-violators-of-stay-at-home-order-on-reservation-could-face-jail-time/article_3ebc4b06-2562-5f2d-8027-9ad7fce900c9.html,True,2020-03-31,https://county10.com/wp-content/uploads/2020/04/2020-11357-WRIC-Rsltn-COVID-19.pdf,,,,,,,,,,,,,,2020-05-09 16:49:55
3000,Puyallup Tribe of the Puyallup Reservation,46816,False,,,True,2020-03-16,https://www.leschischools.org/,True,2020-03-16,http://news.puyalluptribe-nsn.gov/4585-2/,True,2020-03-24,http://news.puyalluptribe-nsn.gov/wp-content/uploads/2020/04/PTN_April2020.pdf,False,,,True,2020-03-24,http://puyallup-tribe.com/COVID19/covid.php,,,,True,https://stoww.org/fdpir,,,,,,,,,2020-05-10 16:38:51
4690,Confederated Tribes and Bands of the Yakama Nation,,True,2020-04-08,https://www.sunnysidesun.com/news/sundome-is-new-site-for-covid-19-testing-option/article_494374fe-784b-11ea-a33b-c7f162c3b6c5.html,True,2020-04-01,http://www.yakama.org/about/links.html,True,2020-03-23,http://www.yakamanation-nsn.gov/stay_home_stay_healthy.pdf,True,2020-03-23,http://www.yakamanation-nsn.gov/stay_home_stay_healthy.pdf,True,2020-04-16,https://kimatv.com/news/local/at-least-106-covid-19-cases-two-deaths-come-from-yakama-nation,True,2020-03-23,http://yakamanation.net/do_your_part.pdf,False,,https://www.facebook.com/pahtopublicpassage/posts/702702836561351,True,https://www.dshs.wa.gov/esa/eligibility-z-manual-ea-z/food-distribution-program-indian-reservations,,,,,,,,,2020-05-10 17:06:54
2430,"Navajo Nation (Arizona, New Mexico and Utah)",173667,True,2020-05-02,https://www.webmd.com/lung/news/20200504/navajo-nation-expands-covid-tests-keeps-lockdown,True,2020-04-03,https://www.propublica.org/article/a-school-on-navajo-nation-stayed-open-then-people-started-showing-symptoms,True,2020-04-10,https://www.wsws.org/en/articles/2020/04/13/nava-a13.html,True,2020-04-10,https://www.pbs.org/newshour/show/navajo-nation-hit-hard-by-covid-19-comes-together-to-protect-its-most-vulnerable,False,,,True,2020-04-10,https://www.pbs.org/newshour/show/navajo-nation-hit-hard-by-covid-19-comes-together-to-protect-its-most-vulnerable,False,2020-03-13,https://www.navajotransit.navajo-nsn.gov/,True,https://dbmefaapolicy.azdes.gov/index.html#page/FAA6/6.M_Contact_Information.14.200.html,,,,,,,,,2020-05-10 17:22:02
4290,Tulalip Tribes of Washington,10631,False,,,True,2020-03-13,https://www.msd25.org/article/205859?org=heritage-high-school,True,2020-03-27,https://www.heraldnet.com/news/tulalip-tribes-join-the-call-for-residents-to-stay-home/,True,2020-03-10,https://www.facebook.com/TulalipNews/photos/a.418454171617535/2799630500166545/?type=3&theater,True,2020-03-28,https://www.facebook.com/TulalipNews/photos/a.418454171617535/2705949926201270/?type=3&theater,False,2020-01-01,,False,,,True,https://stoww.org/fdpir,,,,,,,,,2020-05-10 17:50:48
2375,Muckleshoot Indian Tribe,3870,False,,,True,2020-03-13,https://www.facebook.com/100533941592033/photos/pcb.120012429644184/120012369644190/?type=3&theater,True,2020-03-24,https://www.facebook.com/100533941592033/photos/pcb.112479763730784/112479437064150/?type=3&theater,True,2020-03-13,https://www.facebook.com/100533941592033/photos/pcb.107489480896479/107489120896515/?type=3&theater,False,,,False,,,False,,,True,https://www.dshs.wa.gov/esa/eligibility-z-manual-ea-z/food-distribution-program-indian-reservations,,,,,,,,,2020-05-10 18:16:58
4075,Swinomish Indian Tribal Community,3010,False,,,True,2020-03-17,"http://www.swinomish-nsn.gov/community/coronavirus-information-updates/messages-from-the-chairman/march-14,-2020.aspx",True,2020-03-24,http://www.swinomish-nsn.gov/community/coronavirus-information-updates/messages-from-the-chairman.aspx,True,2020-03-24,http://www.swinomish-nsn.gov/community/coronavirus-information-updates/messages-from-the-chairman.aspx,False,,,True,2020-03-14,"http://www.swinomish-nsn.gov/community/coronavirus-information-updates/messages-from-the-chairman/march-14,-2020.aspx",,,,True,https://www.dshs.wa.gov/esa/eligibility-z-manual-ea-z/food-distribution-program-indian-reservations,,,,,,,,,2020-05-10 18:57:16
3940,Spokane Tribe of the Spokane Reservation,2096,True,2020-03-20,https://www.kxly.com/covid-19-testing-site-at-fairgrounds-to-close-new-sites-to-open-across-spokane-county/,True,2020-03-13,https://spokanetribe.com/government/tanf/education/,True,2020-03-16,https://spokanetribe.com/wp-content/uploads/2020/04/Spokane_Tribe_Partial_Shutdown.pdf,True,2020-04-01,https://spokanetribe.com/wp-content/uploads/2020/04/2020-166_Establishing_Social_Distancing_Requirements_Banning_Social_Gatherings_and_Establishing_Related_Penalties_due_to_COVID19_and_Ongoing_State_of_Emergency.pdf,True,2020-04-01,https://spokanetribe.com/wp-content/uploads/2020/04/2020-166_Establishing_Social_Distancing_Requirements_Banning_Social_Gatherings_and_Establishing_Related_Penalties_due_to_COVID19_and_Ongoing_State_of_Emergency.pdf,True,2020-04-01,https://spokanetribe.com/wp-content/uploads/2020/04/2020-166_Establishing_Social_Distancing_Requirements_Banning_Social_Gatherings_and_Establishing_Related_Penalties_due_to_COVID19_and_Ongoing_State_of_Emergency.pdf,True,2020-03-24,https://www.facebook.com/pg/themoccasinexpress/posts/?ref=page_internal,True,https://www.dshs.wa.gov/book/export/html/27966,,,,,,,,,2020-05-10 19:08:39
3495,Pueblo of Santa Clara,11693,True,2020-04-07,https://www.indianz.com/covid19/?p=2327,True,2020-04-21,https://www.kob.com/new-mexico-news/gov-of-santa-clara-pueblo-worries-outbreak-of-covid-19-could-have-devastated-effect/5707261/,True,2020-04-21,https://www.kob.com/new-mexico-news/gov-of-santa-clara-pueblo-worries-outbreak-of-covid-19-could-have-devastated-effect/5707261/,True,2020-04-21,https://www.kob.com/new-mexico-news/gov-of-santa-clara-pueblo-worries-outbreak-of-covid-19-could-have-devastated-effect/5707261/,,,,,,,,,,True,http://fooddistribution.snappages.com/,True,2020-04-21,https://www.kob.com/new-mexico-news/gov-of-santa-clara-pueblo-worries-outbreak-of-covid-19-could-have-devastated-effect/5707261/,True,2020-04-21,https://www.kob.com/new-mexico-news/gov-of-santa-clara-pueblo-worries-outbreak-of-covid-19-could-have-devastated-effect/5707261/,,,2020-05-15 14:34:28
5720,Kiowa Indian Tribe of Oklahoma,12000,False,,,,,,True,2020-04-19,https://www.swoknews.com/news/kiowa-tribe-shuts-down-completely-after-employee-hospitalized-with-covid-19/article_f83aab28-ca23-5b49-8399-ed54ff16e993.html,,,,,,,,,,False,,,True,https://www.nativeknot.com/Kiowa-Tribe-of-Oklahoma/Kiowa-Tribe-of-Oklahoma-Food-Distribution-Program.html,True,,https://kiowacasino.com/,False,,,,,2020-05-15 22:30:52
6720,Kenaitze Indian Tribe,1600,True,,https://www.kenaitze.org/covid-19-update/,True,2020-03-13,https://www.kenaitze.org/an-important-message-to-the-families-we-serve/,False,2020-05-08,https://covid19.alaska.gov/health-mandates/,False,2020-05-08,https://covid19.alaska.gov/health-mandates/,,,,True,,https://www.kenaitze.org/covid-19-update/,False,,,True,https://www.kenaitze.org/assistance/food-bank/,,,,,,,,,2020-05-16 00:07:46
6290,Chickaloon Native Village,2373,,,,True,2020-03-17,https://www.chickaloon-nsn.gov/,True,2020-03-17,https://www.chickaloon-nsn.gov/,True,2020-03-17,https://www.chickaloon-nsn.gov/,,,,True,2020-03-17,https://www.chickaloon-nsn.gov/,,,,False,,,,,,,,,,2020-05-16 00:31:36
6290,Chickaloon Native Village,,,,,,,,False,2020-05-08,https://covid19.alaska.gov/health-mandates/,,,,,,,,,,,,,,,,,,,,,,,2020-05-16 00:32:39
7080,Ninilchik Village,15000,True,,,True,2020-03-16,https://covid19.alaska.gov/health-mandates/,True,2020-03-17,https://covid19.alaska.gov/health-mandates/,True,2020-03-17,https://covid19.alaska.gov/health-mandates/,,,,True,2020-03-17,https://covid19.alaska.gov/health-mandates/,False,,,True,https://www.ninilchiktribe-nsn.gov/community-services/,,,,False,,,,,2020-05-16 00:57:59
7080,Ninilchik Village,,,,,,,,False,2020-05-08,https://covid19.alaska.gov/health-mandates/,,,,,,,,,,,,,,,,,,,,,,,2020-05-16 00:59:25
6725,Ketchikan Indian Corporation,8477,,,,True,2020-03-17,https://covid19.alaska.gov/health-mandates/,True,2020-03-22,http://www.kictribe.org/announcements,True,2020-03-22,http://www.kictribe.org/announcements,,,,True,2020-03-22,http://www.kictribe.org/announcements,,,,True,,,,,,,,,,2020-05-16 09:02:19
6725,Ketchikan Indian Corporation,,,,,,,,False,2020-05-08,https://covid19.alaska.gov/health-mandates/,,,,,,,,,,,,,,,,,,,,,,,2020-05-16 09:03:15
6420,Douglas Indian Association,700,,,,,,,True,2020-03-18,https://diataku.com/announcements/,,,,,,,True,2020-03-18,https://diataku.com/announcements/,,,,,,,,,,,,,,2020-05-16 09:14:22
7220,Petersburg Indian Association,,,,,,,,True,,https://piatribal.org/,,,,,,,True,,https://piatribal.org/news-%26-events,,,,True,https://piatribal.org/tribal-services,,,,,,,,,2020-05-16 09:28:41
5560,Cheyenne and Arapaho Tribes,12185,True,2020-05-11,https://www.facebook.com/catribesofoklahoma/posts/3287449137946089,,,,True,2020-03-20,https://cheyenneandarapaho-nsn.gov/wp-content/uploads/2020/03/April-1-2020-1.pdf,True,2020-03-20,https://cheyenneandarapaho-nsn.gov/wp-content/uploads/2020/03/April-1-2020-1.pdf,False,,,True,2020-03-20,https://cheyenneandarapaho-nsn.gov/wp-content/uploads/2020/03/April-1-2020-1.pdf,False,,,True,https://cheyenneandarapaho-nsn.gov/project/food-distribution/,True,2020-03-20,https://cheyenneandarapaho-nsn.gov/wp-content/uploads/2020/03/Executive-Order_3-19-2020.pdf,,,,,,2020-05-16 10:07:13
2760,Penobscot Nation,2278,,,,True,,https://sites.google.com/indian-island.mie.k12.me.us/indian-island-school/covid-19-update/school-closure-announcement,,,,True,,https://www.penobscotnation.org/,,,,True,,https://www.penobscotnation.org/,,,,,,,,,,,,,,2020-05-16 10:24:34
5600,Citizen Potawatomi Nation,29155,False,,,,,,,,,,,,,,,True,,https://www.potawatomi.org/covid-19/,,,,True,https://www.nativetimes.com/archives/22-life/education/14274-tribes-look-to-improve-food-access-through-economic-development,True,2020-03-20,https://www.potawatomi.org/covid-19/,,,,,,2020-05-16 10:26:20
6875,The Osage Nation,10000,True,2020-04-22,https://www.kjrh.com/news/local-news/osage-nation-to-provide-covid-19-testing,,,,,,,True,2020-04-03,https://www.newstribune.com/news/local/story/2020/apr/03/osage-county-issues-stay-at-home-order/823045/,False,,,,,,,,,True,https://www.osagenation-nsn.gov/what-we-do/food-distribution-program,True,2020-03-18,http://osagenews.org/en/article/2020/03/18/osage-casinos-suspend-hotel-and-gaming-operations-until-further-notice/,False,,,,,2020-05-16 10:35:49
1530,Houlton Band of Maliseet Indians,869,,,,,,,,,,,,,,,,,,,,,,,,,,,,,,,,2020-05-16 10:38:53
1530,Houlton Band of Maliseet Indians,869,,,,,,,,,,,,,,,,,,,,,,,,,,,,,,,,2020-05-16 10:41:52
5830,Seminole Nation of Oklahoma,18800,False,,,,,,,,,,,,,,,,,,,,,True,https://www.nativeknot.com/Seminole-Nation-of-Oklahoma/Seminole-Nation-of-Oklahoma-Food-Distribution-Program.html,True,,https://www.seminolenation.casino/,False,,,,,2020-05-16 10:42:10
5700,Kickapoo Tribe of Oklahoma,2630,False,,,,,,True,2020-03-17,https://www.mscnews.net/news/index.cfm?nk=69241,,,,,,,,,,False,,,,,True,2020-03-17,https://www.mscnews.net/news/index.cfm?nk=69241,,,,,,2020-05-16 10:47:39
2320,Mohegan Tribe of Indians of Connecticut,2000,,,,,,,,,,,,,,,,,,,,,,,,True,2020-03-17,https://portal.ct.gov/Office-of-the-Governor/News/Press-Releases/2020/03-2020/Lamont-Administration-Mashantucket-Pequot-Mohegan-Tribal-Nations,,,,,,2020-05-16 10:56:04
1310,Gila River Indian Community of the Gila River Indian Reservation,11257,True,2020-05-19,http://www.mygilariver.com/view/download.php/coronavirus-updates/user_file_37,,,,,,,,,,,,,,,,False,,,True,https://dbmefaapolicy.azdes.gov/index.html#page/FAA6/6.M_Contact_Information.14.200.html,True,2020-03-17,http://www.mygilariver.com/view/download.php/coronavirus-updates/user_file_14,False,,,,,2020-05-16 10:56:30
2145,Mashantucket Pequot Tribe,1003,,,,,,,,,,,,,,,,,,,,,,,,True,2020-03-17,https://portal.ct.gov/Office-of-the-Governor/News/Press-Releases/2020/03-2020/Lamont-Administration-Mashantucket-Pequot-Mohegan-Tribal-Nations,,,,,,2020-05-16 11:07:50
4530,Wampanoag Tribe of Gay Head (Aquinnah) of Massachusetts,1364,,,,,,,True,,https://wampanoagtribe-nsn.gov/covid-19,True,,https://wampanoagtribe-nsn.gov/covid-19,,,,,,,,,,,,,,,,,,,,2020-05-16 11:13:45
9350,Schaghticoke Tribal Nation,110,,,,,,,,,,,,,,,,,,,,,,,,,,,,,,,,2020-05-16 11:18:43
2695,Passamaquoddy Tribe,3369,,,,,,,,,,,,,,,,,,,,,,,,,,,,,,,,2020-05-16 11:24:58
4530,Mashpee Wampanoag Tribe,2600,,,,,,,True,,https://mashpeewampanoagtribe-nsn.gov/covid-19,,,,,,,,,,,,,,,,,,,,,,,2020-05-16 11:31:29
2415,Narragansett Indian Tribe,2400,,,,,,,,,,True,,https://secureservercdn.net/198.71.233.179/kv4.f55.myftpupload.com/wp-content/uploads/2020/04/Tribal-Parks.pdf,,,,True,2020-03-13,https://secureservercdn.net/198.71.233.179/kv4.f55.myftpupload.com/wp-content/uploads/2020/03/NIHC-COVID-19-Tribal-Community-Letter.pdf,,,,,,,,,,,,,,2020-05-16 11:37:55
9280,Eastern Pequot Tribal Nation,,,,,,,,,,,,,,,,,,,,,,,,,,,,,,,,,2020-05-16 11:39:32
7755,Wrangell Cooperative Association,,,,,,,,True,2020-03-26,https://www.facebook.com/wrangellcooperativeassociation/,,,,,,,,,,,,,,,,,,,,,,,2020-05-16 12:20:08
7755,Wrangell Cooperative Association,,,,,,,,False,2020-05-08,https://covid19.alaska.gov/health-mandates/,,,,,,,,,,,,,,,,,,,,,,,2020-05-16 12:21:46
7485,Skagway Village,1183,True,2020-03-23,https://www.skagway.org/administration/page/coronavirus-covid-19-information-page,True,2020-03-14,https://covid19.alaska.gov/health-mandates/,True,2020-03-16,https://www.skagway.org/administration/page/coronavirus-covid-19-information-page,True,2020-03-16,https://www.skagway.org/administration/page/coronavirus-covid-19-information-page,,,,True,2020-03-16,https://www.skagway.org/administration/page/coronavirus-covid-19-information-page,False,,,True,http://www.skagwaytraditional.org/assistance,,,,,,,,,2020-05-16 12:51:35
7485,Skagway Village,,,,,,,,False,2020-04-24,https://www.skagway.org/administration/page/coronavirus-covid-19-information-page,False,2020-04-24,https://www.skagway.org/administration/page/coronavirus-covid-19-information-page,,,,,,,,,,,,,,,,,,,,2020-05-16 13:00:39
735,Colorado River Indian Tribes of the Colorado River Indian Reservation (Arizona and California),9929,True,2020-05-09,https://www.crit-nsn.gov,,,,True,2020-04-01,https://www.crit-nsn.gov/R_54-20_%20Require%20All%20Non-Essential%20Businesses%20to%20Close%20and%20all%20Non-Essential%20Personnel%20to%20Stay%20at%20Home.pdf,True,2020-04-01,https://www.crit-nsn.gov/Statement%20for%20Stay%20at%20Home%20Order_04012020.pdf,True,2020-04-01,https://www.crit-nsn.gov/R_54-20_%20Require%20All%20Non-Essential%20Businesses%20to%20Close%20and%20all%20Non-Essential%20Personnel%20to%20Stay%20at%20Home.pdf,True,2020-04-01,https://www.crit-nsn.gov/R_54-20_%20Require%20All%20Non-Essential%20Businesses%20to%20Close%20and%20all%20Non-Essential%20Personnel%20to%20Stay%20at%20Home.pdf,,,,,,True,,https://www.americangaming.org/research/covid-19-casino-tracker/,,,,,,2020-05-16 13:12:20
6905,Manokotak Village,448,,,,,,,,,,,,,,,,,,,,,,,,,,,,,,,,2020-05-16 13:13:20
6905,Manokotak Village,,,,,True,2020-03-14,https://covid19.alaska.gov/health-mandates/,,,,,,,,,,,,,,,,,,,,,,,,,,2020-05-16 13:16:23
5550,Cherokee Tribe of Northeast Alabama,517039,False,,,True,2020-03-19,https://abc3340.com/news/coronavirus/remainder-of-on-campus-school-year-in-alabama-cancelled-due-to-covid-19-concerns,True,2020-03-27,https://whnt.com/news/coronavirus/list-of-business-types-ordered-to-close-in-alabama/,True,2020-03-27,https://whnt.com/news/coronavirus/list-of-business-types-ordered-to-close-in-alabama/,False,,,True,2020-03-27,https://abc3340.com/news/nation-world/police-alabama-woman-arrested-for-holding-party-during-covid-19-shelter-in-place-order,False,,,False,,False,,,False,,,,,2020-05-16 13:20:50
6480,Emmonak Village,825,,,,True,2020-03-14,https://covid19.alaska.gov/health-mandates/,,,,,,,,,,,,,,,,,,,,,,,,,,2020-05-16 13:23:26
5550,Cherokees of Southeast Alabama,517039,False,,,True,2020-03-19,https://abc3340.com/news/coronavirus/remainder-of-on-campus-school-year-in-alabama-cancelled-due-to-covid-19-concerns,True,2020-03-27,https://whnt.com/news/coronavirus/list-of-business-types-ordered-to-close-in-alabama/,True,2020-03-27,https://whnt.com/news/coronavirus/list-of-business-types-ordered-to-close-in-alabama/,True,2020-03-27,https://www.law-injury.com/the-alabama-shelter-in-place-order-what-it-means-for-you/,True,2020-03-19,https://governor.alabama.gov/newsroom/2020/03/governor-ivey-issues-statement-on-statewide-public-health-order/,False,,,False,,False,,,False,,,,,2020-05-16 13:29:59
2510,Ohkay Owingeh (formerly the Pueblo of San Juan),,True,2020-04-07,https://www.indianz.com/covid19/?p=2327,True,2020-04-01,http://ohkay.org/wp-content/uploads/2020/04/BOE-Parents-Update.pdf,True,2020-03-23,http://ohkay.org/wp-content/uploads/2020/04/Stay-At-Home-Order-6.pdf,True,2020-03-23,http://ohkay.org/wp-content/uploads/2020/05/OO-Community-Update-5-8-2020.pdf,False,,,,,,,,,True,http://fooddistribution.snappages.com/,True,2020-03-18,https://www.americangaming.org/research/covid-19-casino-tracker/,True,2020-03-23,http://ohkay.org/wp-content/uploads/2020/05/OO-Community-Update-5-15-2020.pdf,,,2020-05-16 13:31:54
9960,United Houma Nation,203711,True,2020-03-31,https://www.houmatoday.com/news/20200331/public-drive-through-coronavirus-testing-begins-in-terrebonne,True,2020-03-16,https://www.wwltv.com/article/news/health/coronavirus/list-coronavirus-school-changes-cancelations/289-df25ebe0-5b3a-454a-86c7-1a737a992af6,True,2020-03-23,https://gov.louisiana.gov/assets/Proclamations/2020/JBE-33-2020.pdf,True,2020-03-23,https://gov.louisiana.gov/assets/Proclamations/2020/JBE-33-2020.pdf,True,2020-03-23,https://www.theadvertiser.com/story/news/local/louisiana/2020/03/31/coronavirus-central-louisiana-pastor-violating-governor-stay-at-home-order/5099011002/,True,2020-03-16,https://gov.louisiana.gov/index.cfm/newsroom/detail/2403,False,,,False,,True,2020-03-23,https://gov.louisiana.gov/assets/Proclamations/2020/JBE-33-2020.pdf,False,,,,,2020-05-16 13:43:05
3340,Salt River Pima-Maricopa Indian Community of the Salt River Reservation,7386,True,2020-03-24,https://www.facebook.com/SRPMIC/photos/a.648178048675595/1463930187100373/?type=3&theater,True,2020-03-30,https://saltriverschools.org/news/what_s_new/covid-19,False,,,True,2020-04-01,https://www.srpmic-nsn.gov/wp-content/uploads/2020/04/EmergencyDeclarationApril1.pdf,False,,,True,2020-04-01,https://www.srpmic-nsn.gov/wp-content/uploads/2020/04/EmergencyDeclarationApril1.pdf,False,,,True,https://echalk-slate-prod.s3.amazonaws.com/private/schools/2358/resources/5022f83f-3da7-4ed9-98ae-0db80fc69424?AWSAccessKeyId=AKIAJSZKIBPXGFLSZTYQ&Expires=1812367573&response-cache-control=private%2C%20max-age%3D31536000&response-content-disposition=%3Bfilename%3D%22Free%2520Meal%2520Letter%2520FAQ%2520%25202014-15.pdf%22&response-content-type=application%2Fpdf&Signature=N4RPS1imlbH2XZiniNPyESmGU9Y%3D,True,2020-03-18,https://www.srpmic-nsn.gov/covid-19/,,,,,,2020-05-16 13:47:53
9550,Cher-O-Creek Intra Tribal Indians,86566,False,,,True,2020-03-19,https://abc3340.com/news/coronavirus/remainder-of-on-campus-school-year-in-alabama-cancelled-due-to-covid-19-concerns,True,2020-03-27,https://whnt.com/news/coronavirus/list-of-business-types-ordered-to-close-in-alabama/,True,2020-03-27,https://whnt.com/news/coronavirus/list-of-business-types-ordered-to-close-in-alabama/,True,2020-03-27,https://www.law-injury.com/the-alabama-shelter-in-place-order-what-it-means-for-you/,True,2020-03-16,http://www.alabamapublichealth.gov/news/2020/03/16.html,False,,,False,,,,,False,,,,,2020-05-16 13:50:38
9680,Echota Cherokee Tribe of Alabama,56691,False,,,True,2020-03-19,https://abc3340.com/news/coronavirus/remainder-of-on-campus-school-year-in-alabama-cancelled-due-to-covid-19-concerns,True,2020-03-27,https://whnt.com/news/coronavirus/list-of-business-types-ordered-to-close-in-alabama/,True,2020-03-27,https://whnt.com/news/coronavirus/list-of-business-types-ordered-to-close-in-alabama/,True,2020-03-27,https://www.law-injury.com/the-alabama-shelter-in-place-order-what-it-means-for-you/,True,2020-03-16,http://www.alabamapublichealth.gov/news/2020/03/16.html,False,,,False,,,,,False,,,,,2020-05-16 13:55:48
3370,Sandia Pueblo,427,False,,,,,,True,2020-03-17,https://www.sandiacasino.com/your-safety-matters/,,,,,,,True,2020-03-17,https://www.sandiacasino.com/your-safety-matters/,,,,False,http://fooddistribution.snappages.com/,True,2020-03-17,https://www.sandiacasino.com/your-safety-matters/,,,,,,2020-05-16 14:01:57
1575,Pueblo of Taos,4500,True,2020-05-12,"https://www.taosnews.com/stories/taos-pueblo-conducts-covid-19-testing-tribal-members-positive,63884",True,2020-03-23,https://www.bia.gov/covid-19/school-closures,True,2020-04-01,https://taos.org/together-taos/,True,2020-04-02,"https://www.taosnews.com/stories/town-of-taos-curfew-nightly-curfew-coronavirus,63151",True,2020-04-09,"https://www.taosnews.com/stories/short-term-rentals-rental-crackdown-business-license-registration-illegal-covid-19-coronavirus,63271",True,2020-04-02,"https://www.taosnews.com/stories/town-of-taos-curfew-nightly-curfew-coronavirus,63151",True,2020-03-25,https://www.ncrtd.org/ncrtd-statement-on-measures-in-response-to-covid-19.aspx,True,http://fooddistribution.snappages.com/,True,2020-03-16,https://www.americangaming.org/research/covid-19-casino-tracker/,,,,,,2020-05-16 14:22:51
9720,Four Winds Tribe Louisiana Cherokee Confederacy,31380,False,,,True,2020-03-16,https://www.wwltv.com/article/news/health/coronavirus/list-coronavirus-school-changes-cancelations/289-df25ebe0-5b3a-454a-86c7-1a737a992af6,True,2020-03-23,https://gov.louisiana.gov/assets/Proclamations/2020/JBE-33-2020.pdf,True,2020-03-23,https://gov.louisiana.gov/assets/Proclamations/2020/JBE-33-2020.pdf,True,2020-03-23,https://www.baynews9.com/fl/tampa/ap-top-news/2020/03/31/louisiana-pastor-says-hell-keep-violating-coronavirus-ban,True,2020-03-13,https://gov.louisiana.gov/index.cfm/newsroom/detail/2403,False,,,False,,,,,False,,,,,2020-05-16 14:25:31
2085,Makah Indian Tribe of the Makah Indian Reservation,1213,False,,,,,,True,2020-03-16,https://makah.com/,True,2020-03-16,https://makah.com/,True,2020-03-16,https://www.seattletimes.com/seattle-news/makah-tribe-fights-coronavirus-with-self-reliance-and-extreme-isolation/,True,2020-03-16,https://www.peninsuladailynews.com/news/makah-tribe-orders-neah-bay-residents-to-shelter-in-place/,False,,,True,https://www.dshs.wa.gov/esa/eligibility-z-manual-ea-z/food-distribution-program-indian-reservations,,,,True,2020-03-16,https://www.seattletimes.com/seattle-news/makah-tribe-fights-coronavirus-with-self-reliance-and-extreme-isolation/,,,2020-05-16 14:31:53
3040,Quinault Indian Nation,2535,True,,http://www.quinaultindiannation.com/covidtesting.html,,,,True,2020-03-23,http://www.quinaultindiannation.com/ICT/QUINAULT%20INDIAN%20NATION%20CRITICAL%20SERVICES.pdf,True,2020-03-23,http://www.quinaultindiannation.com/ICT/RES-COVID-19%20Shut%20Down%20Non-essential%20FINAL.pdf,False,,,True,2020-03-23,http://www.quinaultindiannation.com/qincovid19.htm,,,,True,https://www.dshs.wa.gov/esa/eligibility-z-manual-ea-z/food-distribution-program-indian-reservations,True,2020-03-30,https://quinaultbeachresort.com/,False,,,,,2020-05-16 14:45:03
1235,"Fort Mojave Indian Tribe (Arizona, California and Nevada)",1754,,,,,,,,,,,,,,,,,,,,,,True,https://www.fortmojaveindiantribe.com/tribal-departments/food-distribution/,True,,https://www.avicasino.com,,,,,,2020-05-16 14:46:44
1840,Laguna Pueblo,3600,True,2020-05-01,https://www.lagunapueblo-nsn.gov/COVID-19.aspx,True,2020-03-23,https://www.bia.gov/covid-19/school-closures,True,2020-03-20,https://www.lagunapueblo-nsn.gov/COVID-19.aspx,True,2020-03-20,https://www.lagunapueblo-nsn.gov/COVID-19.aspx,,,,,,,,,,False,http://fooddistribution.snappages.com/,True,2020-03-20,https://www.americangaming.org/research/covid-19-casino-tracker/,,,,,,2020-05-16 14:49:58
2475,Nooksack Indian Tribe of Washington,1800,False,,,,,,True,2020-03-24,https://nooksacktribe.org/tribal-council/2020/shelter-in-place-order/,True,2020-03-24,https://nooksacktribe.org/tribal-council/2020/shelter-in-place-order/,False,,,True,2020-03-24,https://nooksacktribe.org/tribal-council/2020/shelter-in-place-order/,False,,,True,https://www.dshs.wa.gov/book/export/html/27966,True,,https://northwoodcasino.com/,False,,,,,2020-05-16 14:56:48
5051,Hualapai Indian Tribe of the Hualapai Indian Reservation,1590,,,,,,,True,2020-05-07,http://hualapai-nsn.gov/wp-content/uploads/2020/05/COVID-Lockdown-1.pdf,True,2020-05-07,http://hualapai-nsn.gov/wp-content/uploads/2020/05/COVID-Lockdown-1.pdf,True,2020-05-07,http://hualapai-nsn.gov/wp-content/uploads/2020/05/COVID-Lockdown-1.pdf,True,2020-05-07,http://hualapai-nsn.gov/wp-content/uploads/2020/05/COVID-Lockdown-1.pdf,False,,,,,,,,,,,,,2020-05-16 15:11:26
9950,United Cherokee Ani-Yun-Wiya Nation,6496,False,,,True,2020-03-19,https://abc3340.com/news/coronavirus/remainder-of-on-campus-school-year-in-alabama-cancelled-due-to-covid-19-concerns,True,2020-03-27,https://whnt.com/news/coronavirus/list-of-business-types-ordered-to-close-in-alabama/,True,2020-03-27,https://whnt.com/news/coronavirus/list-of-business-types-ordered-to-close-in-alabama/,True,2020-03-27,https://www.law-injury.com/the-alabama-shelter-in-place-order-what-it-means-for-you/,True,2020-03-16,http://www.alabamapublichealth.gov/news/2020/03/16.html,False,,,False,,,,,False,,,,,2020-05-16 15:43:46
1625,Isleta Pueblo,59129,True,2020-05-16,"https://www.google.com/maps/dir/Heart+Hospital+of+New+Mexico,+504+Elm+St+NE,+Albuquerque,+NM+87102/Isleta+Pueblo,+NM+87105/@34.9972265,-106.9390595,10z/data=!4m14!4m13!1m5!1m1!1s0x87220ca4628295b5:0x3feb6c2a935aeaad!2m2!1d-106.6370136!2d35.087497!1m5!1m1!1s0x872205020d8a9ad9:0x34f93c221b330270!2m2!1d-106.6808587!2d34.9069963!3e0",True,2020-03-23,https://www.bia.gov/covid-19/school-closures,True,2020-03-24,https://www.krqe.com/health/coronavirus-new-mexico/isleta-pueblo-restricts-access-to-non-residents-amid-coronavirus-pandemic/,True,2020-03-24,https://www.krqe.com/health/coronavirus-new-mexico/isleta-pueblo-restricts-access-to-non-residents-amid-coronavirus-pandemic/,True,2020-03-24,https://www.krqe.com/health/coronavirus-new-mexico/isleta-pueblo-restricts-access-to-non-residents-amid-coronavirus-pandemic/,True,2020-03-20,http://www.isleta.com/entertainmentnightlife/concerts-events.aspx,,,,False,http://fooddistribution.snappages.com/,True,2020-03-20,http://www.isleta.com/entertainmentnightlife/concerts-events.aspx,,,,,,2020-05-16 15:48:16
3825,Skokomish Indian Tribe,796,False,,,,,,True,2020-03-18,http://www.skokomish.org/wp-content/uploads/2020/03/Twin-Totems-Update.pdf,True,2020-03-18,http://www.skokomish.org/wp-content/uploads/2020/05/Information-for-the-Skokomish-Community-5-8-2020.pdf,False,2020-03-18,,True,,http://www.skokomish.org/wp-content/uploads/2020/05/Information-for-the-Skokomish-Community-5-8-2020.pdf,False,,,True,https://www.dshs.wa.gov/esa/eligibility-z-manual-ea-z/food-distribution-program-indian-reservations,True,2020-03-24,https://www.myluckydogcasino.com/,False,,,,,2020-05-16 15:51:02
1220,Fort McDowell Yavapai Nation,1104,True,,https://www.bannerhealth.com/patients/patient-resources/covid-19/testing,True,2020-03-16,https://azgovernor.gov/governor/news/2020/03/governor-doug-ducey-and-superintendent-kathy-hoffman-announce-closure-arizona,,,,True,2020-04-08,https://www.fmyn.org/stay-home-stay-safe/,,,,True,2020-03-22,https://www.fmyn.org/update-from-president-burnette/,,,,,,True,2020-05-20,https://www.avicasino.com/news/temporarily-closed,False,,,,,2020-05-16 16:14:04
4708,Yavapai-Apache Nation of the Camp Verde Indian Reservation,712,True,,https://www.azcentral.com/story/news/local/arizona-health/2020/04/27/coronavirus-testing-cvs-to-expand-free-covid-19-tests-arizona-nationwide/3036864001/,,,,True,2020-03-19,https://news.yavapai-apache.org/latest-corona-virus-updates-and-closures-for-the-yavapai-apache-nation/,True,2020-05-01,https://news.yavapai-apache.org/coronavirus-covid-19-update-statement-from-the-executive-offices-of-the-yavapai-apache-nation/,False,,,True,2020-03-19,https://news.yavapai-apache.org/latest-corona-virus-updates-and-closures-for-the-yavapai-apache-nation/,False,,https://yantransit.org,,,True,2020-05-01,https://news.yavapai-apache.org/coronavirus-covid-19-update-statement-from-the-executive-offices-of-the-yavapai-apache-nation/,False,,,83,,2020-05-16 16:14:12
990,Cherokee Nation,,True,2020-04-13,https://kfor.com/news/local/edmond-clinic-to-begin-testing-patients-for-covid-19/,True,2020-03-17,https://www.tahlequahdailypress.com/news/cherokee-nation-closes-schools-museums/article_58fb6a75-5257-57d8-86f8-68f110234fe3.html,True,2020-03-17,https://www.tahlequahdailypress.com/news/cherokee-nation-closes-schools-museums/article_58fb6a75-5257-57d8-86f8-68f110234fe3.html,True,2020-03-24,https://anadisgoi.com/index.php/government-stories/289-cherokee-nation-health-services-reports-first-case-of-covid-19,False,,,True,2020-03-17,https://www.tahlequahdailypress.com/news/cherokee-nation-closes-schools-museums/article_58fb6a75-5257-57d8-86f8-68f110234fe3.html,False,,https://transit.cherokee.org/,True,https://www.cherokee.org/all-services/human-services/family-assistance/food-distribution-program/,True,2020-03-17,https://www.tahlequahdailypress.com/news/cherokee-nation-closes-schools-museums/article_58fb6a75-5257-57d8-86f8-68f110234fe3.html,False,,,144,,2020-05-18 19:40:11
2460,Nisqually Indian Tribe,,True,2020-03-22,https://www.theolympian.com/news/local/article241411356.html,True,2020-03-14,https://www.theolympian.com/news/local/article241282361.html,True,1995-03-17,http://www.nisqually-nsn.gov/index.php/announcements/,True,2020-03-24,http://www.nisqually-nsn.gov/index.php/announcements/,False,,,True,2020-03-24,http://www.nisqually-nsn.gov/index.php/announcements/,False,,http://www.nisqually-nsn.gov/index.php/administration/planning-and-economic-development/transportation/,True,http://www.nisqually-nsn.gov/files/7915/0999/3547/Appendix_1._Directory_of_Food_Services_at_Nisqually_Indian_Tribe.pdf,True,2020-03-24,http://www.nisqually-nsn.gov/index.php/announcements/,False,,,13,False,2020-05-18 20:05:22
605,Cheyenne River Sioux Tribe of the Cheyenne River Reservation,15993,True,2020-04-02,https://rapidcityjournal.com/news/local/cheyenne-river-sioux-tribe-creates-checkpoints-to-protect-against-covid-19/article_948aee93-5131-5027-ad1f-2e4dd1783dd5.html,True,2020-04-08,https://www.westrivereagle.com/articles/emergency-executive-order-02-3-2020-cr/,True,2020-04-08,https://www.westrivereagle.com/articles/emergency-executive-order-02-3-2020-cr/,True,2020-04-30,https://www.crstcoronavirusupdates.com/wp-content/uploads/2020/04/Executive-Order-02.5-2020-CR-Mandatory-Stay-at-Home-April-30.pdf,True,2020-04-30,https://www.crstcoronavirusupdates.com/wp-content/uploads/2020/04/Executive-Order-02.5-2020-CR-Mandatory-Stay-at-Home-April-30.pdf?fbclid=IwAR0pqhd4cwCiva6mnkIvBFKHqhZKvdSXu7aAgoeMHU4dMC5rTe8ViCQzo2M,True,2020-04-08,https://www.westrivereagle.com/articles/emergency-executive-order-02-3-2020-cr/,,,,False,https://www.westrivereagle.com/articles/crst-fdpir-disaster-relief-issuance/,False,,,True,2020-04-18,https://www.crstcoronavirusupdates.com/wp-content/uploads/2020/04/Summary-of-CRST-COVID-19-Checkpoint-Policies-F.pdf,0,,2020-05-20 18:23:56
4455,Upper Skagit Indian Tribe of Washington,,True,2020-04-07,https://www.everettclinic.com/news,True,1995-03-17,https://www.goskagit.com/news/local_news/skagit-county-schools-shutting-down/article_cb1da4b3-5d22-5396-97ad-9cc0907dd032.html,True,2020-03-17,https://www.goskagit.com/news/business/swinomish-skagit-casinos-close-through-end-of-month/article_7e8e810d-e9d8-585d-9b9c-9d3daabf81b9.html,True,2020-03-25,https://dailyhive.com/vancouver/washington-governor-stay-home-shelter-in-place-coronavirus,False,,,True,2020-03-25,https://dailyhive.com/vancouver/washington-governor-stay-home-shelter-in-place-coronavirus,False,,,True,https://stoww.org/fdpir,True,2020-03-17,https://www.goskagit.com/news/business/swinomish-skagit-casinos-close-through-end-of-month/article_7e8e810d-e9d8-585d-9b9c-9d3daabf81b9.html,False,,,40,,2020-05-22 21:16:12
990,Eastern Band of Cherokee Indians,16000,True,2020-04-02,https://twitter.com/ebciphhs/status/1245387904530231298/photo/1,True,2020-03-15,https://www.theonefeather.com/2020/03/tribe-casino-to-maintain-operations-schools-closing-due-to-coronavirus/,True,2020-03-23,https://cherokee-phhs.com/pdfs/Exec-Order-Qualla-Boundary.pdf,True,2020-03-23,https://cherokee-phhs.com/pdfs/Exec-Order-Qualla-Boundary.pdf,False,,https://cherokee-phhs.com/pdfs/Exec-Order-Qualla-Boundary.pdf,True,2020-03-15,https://www.theonefeather.com/2020/03/tribe-casino-to-maintain-operations-schools-closing-due-to-coronavirus/,,,,True,https://twitter.com/ebciphhs/status/1258112050041143297/photo/1,False,2020-03-07,https://ebci.com/wp-content/uploads/2020/05/Exec-Order-12-2.jpg,True,2020-03-23,https://cherokee-phhs.com/pdfs/Exec-Order-Qualla-Boundary.pdf,,,2020-05-23 12:16:39
3130,Reno-Sparks Indian Colony,1134,True,,"https://www.google.com/search?sxsrf=ALeKk00v6NF0gaM2j2qvT_G0t6yVZq5vPw:1590253838784&q=carson+city+nevada+covid+testing&npsic=0&rflfq=1&rlha=0&rllag=39214139,-119897941,34604&tbm=lcl&ved=2ahUKEwjr8aaZvcrpAhUumuAKHaiwCHMQtgN6BAgUECg&tbs=lrf:!3sIAE,lf:1,lf_ui:16&rldoc=1#rldoc=1&rlfi=hd:;si:5667927989557141235;mv:[[39.560803,-119.78735449999999],[38.7244642,-120.0085283]]",,,,True,2020-03-13,http://www.rsic.org/wp-content/uploads/2020/05/Resolution-2020-RS-34-Curfew-and-Stay-at-Home-Order.pdf,True,2020-03-13,http://www.rsic.org/wp-content/uploads/2020/05/Resolution-2020-RS-34-Curfew-and-Stay-at-Home-Order.pdf,True,2020-04-03,http://www.rsic.org/wp-content/uploads/2020/04/Resolution-2020-RS-30_Mandatory-Curfew-Stay-At-Home-Order_040320.pdf,True,2020-03-13,http://www.rsic.org/wp-content/uploads/2020/05/Resolution-2020-RS-34-Curfew-and-Stay-at-Home-Order.pdf,True,2020-03-24,https://www.facebook.com/pg/rsictribe/posts/?ref=page_internal,False,,,,,True,2020-05-19,http://origin.mynews4.com/on-your-side/ask-joe/ask-joe-why-are-roads-blocked-to-some-tribal-lands,41,False,2020-05-23 13:35:55
2430,"Navajo Nation (Arizona, New Mexico and Utah)",172875,True,2020-05-03,https://www.daily-times.com/story/news/local/navajo-nation/2020/05/03/new-mexico-health-department-coronavirus-free-testing-shiprock/3069741001/,True,2020-04-03,https://nmpoliticalreport.com/2020/04/08/a-school-on-navajo-nation-stayed-open-then-people-started-showing-symptoms/,True,2020-03-20,https://www.navajo-nsn.gov/News%20Releases/NNDOH/2020/May/NDOH%20Public%20Health%20Emergency%20Order%202020-011%20Dikos%20Ntsaaigii-19.pdf,True,2020-03-20,https://www.navajo-nsn.gov/News%20Releases/NNDOH/2020/May/NDOH%20Public%20Health%20Emergency%20Order%202020-011%20Dikos%20Ntsaaigii-19.pdf,True,2020-04-03,https://www.daily-times.com/story/news/local/navajo-nation/2020/04/03/navajo-nation-police-chief-avoid-citation-comply-curfew-coronavirus/2939917001/,True,2020-03-20,https://www.navajo-nsn.gov/News%20Releases/NNDOH/2020/May/NDOH%20Public%20Health%20Emergency%20Order%202020-011%20Dikos%20Ntsaaigii-19.pdf,True,2020-05-22,https://www.navajotransit.navajo-nsn.gov/Route-and-Schedules,True,https://www.hsd.state.nm.us/LookingForAssistance/USDA_Food_Distribution_Programs_on_Indian_Reservations.aspx,True,2020-03-17,https://navajotimes.com/reznews/navajo-nation-casinos-shut-down-due-to-virus/,True,2020-04-12,https://www.cnn.com/2020/04/12/us/navajo-nation-coronavirus/index.html,107,True,2020-05-23 14:03:35
1140,Mescalero Apache Tribe of the Mescalero Reservation,3156,True,2020-05-20,https://www.gcrmc.org/,True,2020-03-20,https://www.indianz.com/News/2018/12/12/indian-country-makes-final-push-for-farm.asp,True,2020-03-22,https://www.ruidosonews.com/story/news/local/community/2020/04/07/coronavirus-mescalero-apache-tribe-entry-roads-blocked/2959265001/,True,2020-04-06,https://www.ruidosonews.com/story/news/local/community/2020/04/07/coronavirus-mescalero-apache-tribe-entry-roads-blocked/2959265001/,True,2020-04-06,https://www.ruidosonews.com/story/news/local/community/2020/04/07/coronavirus-mescalero-apache-tribe-entry-roads-blocked/2959265001/,True,2020-04-06,https://www.ruidosonews.com/story/news/local/community/2020/04/07/coronavirus-mescalero-apache-tribe-entry-roads-blocked/2959265001/,,,,True,https://www.indianz.com/News/2018/12/12/indian-country-makes-final-push-for-farm.asp,True,2020-03-22,https://www.indianz.com/News/2018/12/12/indian-country-makes-final-push-for-farm.asp,True,2020-04-06,https://www.ruidosonews.com/story/news/local/community/2020/04/07/coronavirus-mescalero-apache-tribe-entry-roads-blocked/2959265001/,33,,2020-05-23 14:27:46
5760,Otoe-Missouria Tribe of Indians,3049,True,2020-03-18,https://www.omtribe.org/who-we-are-media-news&a=view&article_id=116,,,,True,2020-03-13,https://www.omtribe.org/coronavirus,True,2020-03-13,https://www.omtribe.org/coronavirus,False,,,True,2020-03-13,https://www.omtribe.org/useruploads/files/otoe_covid_19_(1).pdf?fbclid=IwAR1jIbJP6kIOb6zp1tm1Kg3N9CyfpTixS1J_csDV5wYn3yH-ghWzcxqB7bg,,,,False,,True,2020-03-13,https://sevenclans.com/paradise-casino/,False,,,0,False,2020-05-23 14:37:26
3400,Pueblo of San Felipe,3700,True,2020-05-23,https://indiancountrytoday.com/news/we-re-finally-seeing-more-testing-Ss8qxOks4kCt0Z7ZGI9uGg,True,2020-03-24,https://sfpueblo.com/announcements,True,2020-03-24,https://sfpueblo.com/announcements,True,2020-03-31,https://sfpueblo.com/announcements,,,,True,2020-03-31,https://sfpueblo.com/announcements,,2020-04-30,,True,https://www.fsipinc.org/food-distribution,True,2020-03-18,https://sfpueblo.com/announcements,True,2020-04-30,https://sfpueblo.com/announcements,25,,2020-05-23 14:40:38
1735,Kalispel Indian Community of the Kalispel Reservation,,True,2020-04-24,https://www.kxly.com/covid-19-testing-site-at-fairgrounds-to-close-new-sites-to-open-across-spokane-county/,True,2020-03-17,https://www.seattletimes.com/education-lab/coronavirus-school-closures-to-continue-through-the-end-of-the-school-year-inslee-announces/,True,2020-03-17,https://kalispeltribe.com/covid-19-information-updates/,True,2020-03-17,https://kalispeltribe.com/covid-19-information-updates/,False,,,True,2020-03-17,https://kalispeltribe.com/covid-19-information-updates/,False,,,True,https://www.dshs.wa.gov/esa/eligibility-z-manual-ea-z/food-distribution-program-indian-reservations,True,2020-03-17,https://kalispeltribe.com/covid-19-information-updates/,False,,,54,,2020-05-23 14:42:08
3680,Shakopee Mdewakanton Sioux Community of Minnesota,658,True,2020-04-11,https://www.indianz.com/covid19/?p=2632,,,,True,2020-03-17,https://www.swnewsmedia.com/prior_lake_american/news/updated-mystic-lake-little-six-to-close-temporarily-during-outbreak/article_9c57b899-e068-5830-b709-69ae53dccc26.html,True,2020-03-17,https://www.swnewsmedia.com/prior_lake_american/news/updated-mystic-lake-little-six-to-close-temporarily-during-outbreak/article_9c57b899-e068-5830-b709-69ae53dccc26.html,,,,,,,,,,False,,True,2020-03-17,https://www.swnewsmedia.com/prior_lake_american/news/updated-mystic-lake-little-six-to-close-temporarily-during-outbreak/article_9c57b899-e068-5830-b709-69ae53dccc26.html,,,,19,,2020-05-23 14:53:16
3520,Santa Rosa Band of Cahuilla Indians (formerly the Santa Rosa Band of Cahuilla Mission Indians of the Santa Rosa Reservation),,True,,"https://www.google.com/search?sxsrf=ALeKk03u-DiyYm9_T-Az3dFXi0RGJtu6Yg:1590259661695&q=anza+california+covid+testing&npsic=0&rflfq=1&rlha=0&rllag=33777493,-116679350,26494&tbm=lcl&ved=2ahUKEwi4jfHx0srpAhWNZd8KHdlhAD4QtgN6BAgVECg&tbs=lrf:!3sIAE,lf:1,lf_ui:16&rldoc=1#rldoc=1&rlfi=hd:;si:4083002512726362999,l,Ch1hbnphIGNhbGlmb3JuaWEgY292aWQgdGVzdGluZyID8AEBSLilpf2Wq4CACFo0Cg1jb3ZpZCB0ZXN0aW5nEAIQAxgBIh1hbnphIGNhbGlmb3JuaWEgY292aWQgdGVzdGluZw;mv:[[34.583438694697584,-114.7660165383789],[32.72938451503244,-118.1717782571289]]",,,,True,2020-04-16,https://santarosacahuilla-nsn.gov/,True,2020-04-16,https://santarosacahuilla-nsn.gov/,False,,,True,2020-04-16,https://santarosacahuilla-nsn.gov/,,,,False,,,,,False,,,52,False,2020-05-23 14:55:16
1655,Port Gamble S'Klallam Tribe,,True,2020-03-16,https://www.pgst.nsn.us/images/health-alert/Community-Notice-as-of-March-19.pdf,True,2020-03-16,https://www.pgst.nsn.us/images/health-alert/Community-Notice-as-of-March-19.pdf,True,2020-03-16,https://www.pgst.nsn.us/images/health-alert/Point-Casino-statement_March-16.pdf,True,2020-03-16,https://www.pgst.nsn.us/images/health-alert/Community-Notice-as-of-March-19.pdf,False,,,True,2020-03-16,https://www.pgst.nsn.us/images/health-alert/Community-Notice-as-of-March-19.pdf,True,2020-03-16,https://www.pgst.nsn.us/images/health-alert/Community-Notice-as-of-March-19.pdf,True,https://www.dshs.wa.gov/book/export/html/27966,True,2020-03-16,https://www.pgst.nsn.us/images/health-alert/Community-Notice-as-of-March-19.pdf,False,,,5,,2020-05-23 14:57:08
4770,Zia Pueblo,850,True,2020-04-16,https://www.facebook.com/permalink.php?story_fbid=127215348947357&id=104800554522170,True,2020-03-27,https://zia-aps-nm.schoolloop.com/,True,2020-04-22,https://www.facebook.com/104800554522170/photos/pcb.105160031152889/105158467819712/?type=3&theater,True,2020-04-02,https://www.facebook.com/104800554522170/photos/pcb.105160031152889/105158467819712/?type=3&theater,False,,,True,2020-04-02,https://www.facebook.com/104800554522170/photos/pcb.105160031152889/105158591153033/?type=3&theater,,,,True,https://www.fsipinc.org/food-distribution,,,,True,2020-04-13,https://www.indianz.com/covid19/?p=2669,0,True,2020-05-23 15:44:10
2040,Lower Elwha Tribal Community,,True,2020-04-16,https://www.elwha.org/2020/04/covid-19-coronavirus-testing-at-elwha-clinic/,,,,True,2020-03-25,https://www.elwha.org/2020/05/stay-home-stay-healthy-order-extended-until-may-18th/,True,2020-03-25,https://www.elwha.org/2020/05/stay-home-stay-healthy-order-extended-until-may-18th/,False,,,True,2020-03-25,https://www.elwha.org/2020/05/stay-home-stay-healthy-order-extended-until-may-18th/,False,,,True,https://www.dshs.wa.gov/esa/eligibility-z-manual-ea-z/food-distribution-program-indian-reservations,True,2020-03-25,https://www.elwha.org/2020/05/stay-home-stay-healthy-order-extended-until-may-18th/,False,,,9,,2020-05-23 17:26:14
3955,Squaxin Island Tribe of the Squaxin Island Reservation,,True,2020-04-15,https://www.co.mason.wa.us/COVID-19/Daily-Information/04152020.pdf,,,,True,2020-03-25,https://www.theolympian.com/news/local/article242330391.html,True,2020-03-25,https://www.theolympian.com/news/local/article242330391.html,False,,,True,2020-03-25,https://www.theolympian.com/news/local/article242330391.html,False,,https://squaxinisland.org/government/departments/community-development/squaxin-island-transit/,True,https://www.dshs.wa.gov/esa/eligibility-z-manual-ea-z/food-distribution-program-indian-reservations,True,2020-03-26,https://www.theolympian.com/news/local/article242330391.html,True,,https://squaxinisland.org/covid-19/,15,,2020-05-23 17:51:27
8750,Confederated Salish and Kootenai Tribes of the Flathead Reservation,7753,True,,,True,2020-03-15,https://nbcmontana.com/news/local/cskt-cancels-workday,True,2020-03-17,http://www.csktribes.org/coronavirus-update/783-sip-order,True,2020-03-27,http://www.csktribes.org/coronavirus-update/760-shelter-in-place-order,False,,,True,2020-03-27,http://www.csktribes.org/coronavirus-update/760-shelter-in-place-order,,,,True,http://www.cskthealth.org/index.php/news-events/185-cskt-wic-services-still-available-by-phone-appointment,True,2020-03-15,http://www.csktribes.org/coronavirus-update/719-council-held-a-special-meeting-sunday-and-took-several-actions-regarding-coronavirus-protections,False,,,25,False,2020-05-24 13:47:24
3235,Rosebud Sioux Tribe of the Rosebud Indian Reservation,11354,True,,,True,2020-03-15,https://www.rosebudsiouxtribe-nsn.gov/rst-coronavirus-information,True,2020-02-28,https://597bd9a0-d50b-4e6b-a67b-e5f63c849a48.filesusr.com/ugd/ed1fef_6f3b0b87f17e476388b2e2ee2440f03d.pdf,True,2020-03-28,https://597bd9a0-d50b-4e6b-a67b-e5f63c849a48.filesusr.com/ugd/ed1fef_6f3b0b87f17e476388b2e2ee2440f03d.pdf,True,2020-02-28,https://597bd9a0-d50b-4e6b-a67b-e5f63c849a48.filesusr.com/ugd/ed1fef_6f3b0b87f17e476388b2e2ee2440f03d.pdf,True,2020-03-13,https://www.rosebudsiouxtribe-nsn.gov/rst-coronavirus-information,True,2020-03-27,https://www.rosebudsiouxtribe-nsn.gov/rst-coronavirus-information,True,https://www.fns.usda.gov/contact/south-dakota-rosebud-sioux-tribe,True,2020-03-18,https://www.rosebudsiouxtribe-nsn.gov/rst-coronavirus-information,True,2020-05-13,https://www.newscenter1.tv/rosebud-sioux-tribe-enforces-76-hour-reservation-wide-lockdown/,24,False,2020-05-24 14:16:05
4345,Turtle Mountain Band of Chippewa Indians of North Dakota,30000,True,2020-03-19,https://www.kfyrtv.com/content/news/Turtle-Mountain-Band-of-Chippewa-responds-to-COVID-19-568946701.html,True,2020-03-19,https://www.kfyrtv.com/content/news/Turtle-Mountain-Band-of-Chippewa-responds-to-COVID-19-568946701.html,True,2020-04-11,https://tmchippewa.com/wp-content/uploads/TMBCI-Proclamation-of-Emergency.pdf,True,2020-03-30,https://tmchippewa.com/wp-content/uploads/TMBC856.emergency-rule-on-curfew.pdf,True,2020-03-30,https://tmchippewa.com/wp-content/uploads/TMBC856.emergency-rule-on-curfew.pdf,True,2020-04-11,https://tmchippewa.com/wp-content/uploads/TMBCI-Proclamation-of-Emergency.pdf,False,,,True,https://fns-prod.azureedge.net/contacts?f%5B1%5D=program%3A23&keywords=&page=10,True,2020-03-20,https://tmchippewa.com/wp-content/uploads/SD-public-closure.png,False,,,15,False,2020-05-24 15:49:36
4700,Yankton Sioux Tribe of South Dakota,11594,True,2020-03-11,https://indiancountrytoday.com/news/pandemic-hits-home-ihs-says-it-s-ready-for-testing-grEB-tY6-EWvczRb07wuJg,True,2020-03-13,https://www.indianz.com/covid19/?p=365,True,2020-04-06,https://www.facebook.com/482366379188450/photos/pcb.682722172486202/682907755800977/?type=3&theater,True,2020-04-06,https://www.yankton.net/community/article_0edaca74-7a0d-11ea-b552-8ff7518bf9e6.html,False,,,True,2020-04-06,https://www.facebook.com/482366379188450/photos/pcb.682722172486202/682907755800977/?type=3&theater,True,2020-04-09,https://www.facebook.com/pages/category/Government-Building/Yankton-Sioux-Tribe-482366379188450/,True,https://www.fns.usda.gov/contact/south-dakota-yankton-sioux-tribe,True,2020-04-02,https://www.facebook.com/FortRandallCasino/photos/a.420377691794/10157426912316795/?type=3&eid=ARCV6KcZedSuoLkVq4b6jUk5UDutwg4UPOPcA6cVeSabJQ5EChRVs4B-Nu5Xs9h0PGbflX5Id6G23M6D&__xts__[0]=68.ARDBerTZP3L2m7bv420dYlWJTz7QfS9WFDOniT-Sn6KxoloqPRZ324rjWFR1Y3c1OEnYJZ0cu0AhiuJ1oFnFJZNKaSXchin1hHv_yw6tF2rWCO9rzTFXi5rexleZmz4gt3QJullJBfFRQGRmm1bL6vlFWa4tB1eTCZn7LjzkgQufuRq2l_JS3rZ-HR1RfOSnpvCFQgiPmJi1MyYV_oZx9zarlqA5ur2nwIrRMw4eiZfN_ELoUVK4hh3xfyoPmco_pB8vbpQazGJcZkzKEgCElHlUDcmBRXUZ7BoTG_trIMGnBaZqpsAfBtOOczHwRqT1mNE3F1Wohmys-hwycOJDC34GSVLfshhmK-pDFquxyl4my9bfXXPO_baPttSvzP93DlHdq7lUoZydgQGDAjxORHYD5oL7sW2QW_wrn7BciQ2mfKzYdfePPvYvpKXogEwJq5umsLM8p2ZAYiefM1R184cLRxRKNXB24UMlFyFmHFRc71sIejlo,False,,,6,False,2020-05-24 16:40:08
3935,Spirit Lake Tribe,7574,False,,https://www.newrockfordtranscript.com/story/2020/04/27/news/surveillance-testing-at-spirit-lake-follows-tribal-shutdown-restrictions/4661.html,True,2020-04-14,https://www.newrockfordtranscript.com/story/2020/04/27/news/surveillance-testing-at-spirit-lake-follows-tribal-shutdown-restrictions/4661.html,True,2020-04-14,https://www.newrockfordtranscript.com/story/2020/04/27/news/surveillance-testing-at-spirit-lake-follows-tribal-shutdown-restrictions/4661.html,True,2020-03-26,https://kfgo.com/2020/03/26/north-dakota-reservation-imposes-curfew/,False,,,False,,http://www.spiritlakenation.com/data/upfiles/media/NDDoH_Event_Recommendations.pdf,False,,,True,http://www.spiritlakenation.com/programs/food-distribution-progam/,True,2020-03-23,http://northdakota.casinocity.com/saint-michael/spirit-lake-casino-and-resort/,False,,,25,True,2020-05-28 17:39:19
1150,Fort Belknap Indian Community of the Fort Belknap Reservation of Montana,3182,False,,,True,2020-03-27,https://www.facebook.com/photo?fbid=666186004140471&set=a.140291960063214,True,2020-03-27,https://www.facebook.com/photo?fbid=666186004140471&set=a.140291960063214,True,2020-03-27,https://www.facebook.com/photo?fbid=666141034144968&set=pcb.666144790811259,True,2020-02-27,https://www.facebook.com/photo?fbid=666141034144968&set=pcb.666144790811259,True,2020-03-27,https://www.facebook.com/photo?fbid=666141034144968&set=pcb.666144790811259,False,,https://www.facebook.com/photo?fbid=675104766581928&set=a.140291960063214,True,https://nativenews.jour.umt.edu/2018/ft-belknap/,True,2020-03-16,https://www.facebook.com/photo/?fbid=3331417300219272&set=a.119396694754698,False,,,,False,2020-05-28 18:23:43
4625,Winnebago Tribe of Nebraska,4192,True,2020-03-19,https://www.youtube.com/watch?v=rEqv0eDX3QM,True,2020-03-24,https://www.facebook.com/photo?fbid=2445156209034784&set=a.1621373428079737,True,2020-03-17,https://www.facebook.com/photo?fbid=2439433976273674&set=pcb.2439439776273094,True,2020-04-15,http://www.winnebagotribe.com/images/joomlart/corporate/tribe/COVID19/Resolution-20-118-Adoption-of-Temporary-Curfew-Order-in-Response-to-COVID-19.pdf,False,,,True,2020-03-17,https://www.facebook.com/photo?fbid=2439433976273674&set=pcb.2439439776273094,False,2020-04-02,https://www.facebook.com/WinnebagoTribeofNebraska/,True,http://www.winnebagotribe.com/index.php/services/administrative-programs/food-distribution-program,True,2020-03-17,https://www.facebook.com/photo?fbid=10158287662937249&set=a.126397677248,False,,,8,False,2020-05-29 13:03:38
4200,Tohono Oodham Nation of Arizona,10787,False,,,True,,https://www.google.com/search?q=tohono+o%27odham+high+school&rlz=1C5CHFA_enUS892US892&oq=Tohono+O%27odham+High+School&aqs=chrome.0.0l6j69i60.286j0j4&sourceid=chrome&ie=UTF-8,True,2020-03-18,https://www.facebook.com/TON.Emergency.Management/photos/pcb.1165640273771588/1165639697104979/?type=3&theater,True,2020-03-30,https://www.facebook.com/TON.Emergency.Management/photos/pcb.1165640273771588/1165639697104979/?type=3&theater,False,,,True,2020-03-30,https://www.facebook.com/TON.Emergency.Management/photos/pcb.1165640273771588/1165639697104979/?type=3&theater,,,,True,https://data.ers.usda.gov/FANRP-ridge-project-summaries.aspx?type=2&summaryId=143,True,2020-03-18,https://www.kold.com/2020/03/19/desert-diamond-casino-close-temporarily-due-covid-/,False,,,,,2020-05-30 13:11:48
2430,"Navajo Nation (Arizona, New Mexico and Utah)",172875,True,2020-05-14,https://www.ndoh.navajo-nsn.gov/COVID-19,True,,,,,,,,,,,,,,,,,,,,True,2020-05-01,https://www.kob.com/albuquerque-news/navajo-nation-casinos-remain-closed-amid-covid-19-pandemic/5736745/,,,,86,,2020-05-30 13:29:32
5835,Seneca-Cayuga Nation,5059,False,,,,,,,,,,,,,,,,,,False,,,True,https://www.nativeknot.com/Seneca-Cayuga-Nation/Seneca-Cayuga-Nation-Food-Distribution-Program.html,True,2020-03-17,https://www.facebook.com/grandlakecasino/photos/a.293731454006852/2876672952379343/?type=3&theater,False,,,,,2020-05-30 13:30:12
5890,Wyandotte Nation,6146,False,,,,,,True,2020-03-18,https://www.wyandotte-nation.org/tribal-news/wyandotte-nation-continues-changes-to-slow-spread-of-coronavirus/,,,,,,,,,,,,,False,,True,2020-03-17,https://www.wyandotte-nation.org/tribal-news/river-bend-7th-street-lucky-turtle-casinos-temporarily-closed/,False,,,,,2020-05-30 13:42:11
680,Pueblo de Cochiti,528,False,,,,,,,,,,,,,,,,,,,,,False,,,,,False,,,,,2020-05-30 13:47:19
5640,Eastern Shawnee Tribe of Oklahoma,2801,True,,https://coronavirus.health.ok.gov/testing-sites,,,,False,2020-05-21,https://estoo-nsn.gov/covid19/,True,2020-04-01,https://estoo-nsn.gov/covid19-letter-from-the-chief/,,,,,,,,,,,,False,2020-05-21,https://www.americangaming.org/research/covid-19-casino-tracker/,,,,93,,2020-05-30 13:51:21
2980,Prairie Band Potawatomi Nation,1238,False,,,,,,,,,,,,False,,,True,2020-03-18,https://www.pbpindiantribe.com/prairie-band-potawatomi-nation-declares-state-of-emergency/,False,,,True,https://www.pbpindiantribe.com/food-distribution/,True,2020-03-17,https://www.ksnt.com/health/coronavirus/prairie-band-casino-and-resort-temporarily-closes-due-to-the-coronavirus-outbreak/,False,,,,,2020-05-30 14:02:20
2985,Prairie Island Indian Community in the State of Minnesota,217,False,,,,,,True,2020-03-18,http://prairieisland.org/covid-19-coronavirus-2/,,,,False,,,True,2020-03-18,http://prairieisland.org/covid-19-coronavirus-2/,,,,False,,True,2020-03-17,https://www.ticasino.com/covid-19/,False,,,,,2020-05-30 14:10:40
2400,Pueblo of Nambe,1818,False,,,,,,,,,,,,,,,,,,,,,True,https://newscenter.nmsu.edu/Articles/view/13737/nmsu-extension-provides-technical-support-for-nambe-pueblo-community-garden,,,,False,,,,False,2020-05-30 14:18:44
1770,Pueblo of Tesuque,909,True,,"https://www.google.com/maps/dir/Tesuque,+NM/Tesuque,+NM+covid+testing/@35.8396699,-106.405962,10z/data=!3m1!4b1!4m13!4m12!1m5!1m1!1s0x87184f03a765808b:0x8aeee8e60541223e!2m2!1d-105.9325214!2d35.7616955!1m5!1m1!1s0x87186aea19988019:0x24debb5bd84de8a2!2m2!1d-106.186916!2d35.824883",,,,,,,,,,,,,,,,,,,,,True,2020-03-17,https://tesuquecasino.com/,,,,34,False,2020-05-30 14:27:16
3010,Pyramid Lake Paiute Tribe of the Pyramid Lake Reservation,2288,False,,,True,2020-03-16,https://www.facebook.com/pyramid.plhs?__tn__=CH-R&eid=ARDROIKgNFkGpoZ-_Tlh8yJY3VoP9ZlPwA_0opHDrrtACdwnZiC_-i62EsYmClocAsQAtW5AqZ_nhuBd&hc_ref=ARTk9p4DIgzHcSS5r9SGFC2SsF2iAFr4qwT0CY7BJfnWu8v_reArTpjhHo4K8l_vDKQ&fref=nf,,,,,,,False,,,True,2020-03-16,http://plpt.nsn.us/cv/PLPTPublicNoticeCOVID19.pdf,False,,,True,http://plpt.nsn.us/newspaper/2016/2016_4thqtrnews.pdf,,,,True,2020-05-08,https://thisisreno.com/2020/05/traffic-at-pyramid-lake-reservation-being-screened-next-60-days/,,,2020-05-30 14:34:01
3460,San Pasqual Band of Diegueo Mission Indians of California,950,False,,,,,,True,,https://www.sanpasqualbandofmissionindians.org/,,,,,,,,,,,,,,,False,2020-05-22,https://www.americangaming.org/research/covid-19-casino-tracker/,,,,30,,2020-05-30 14:35:24
3520,Santa Rosa Indian Community of the Santa Rosa Rancheria,625,True,,"https://www.google.com/maps/dir/Santa+Rosa+Rancheria,+Lemoore,+CA/santa+rosa+rancheria+covid+testing/@36.5897576,-120.0767278,10z/data=!3m1!4b1!4m13!4m12!1m5!1m1!1s0x8094c7bfc23dcb25:0xa44017638c28bc81!2m2!1d-119.7512903!2d36.2359217!1m5!1m1!1s0x80940c94c1098f79:0xa331d64f65378b4b!2m2!1d-120.0446677!2d36.9438927",,,,,,,,,,,,,,,,,,,False,,True,2020-03-20,https://www.tachipalace.com/tachi-palace-casino-resort-announces-temporary-closure-due-to-covid-19/,,,,68,True,2020-05-30 14:38:24
3520,Santa Rosa Indian Community of the Santa Rosa Rancheria,,,,,,,,,,,,,,,,,,,,,,,,,False,2020-05-28,https://www.tachipalace.com/tachi-palace-casino-resort-to-open-may-28-with-added-safety-measures/,,,,,,2020-05-30 14:39:30
695,Cocopah Tribe of Arizona,1025,False,,,,,,,,,,,,False,,,,,,,,,,,True,2020-03-24,https://www.kawc.org/post/cocopah-casino-somerton-reopen-monday,False,,,,,2020-05-30 14:43:40
435,Morongo Band of Cahuilla Mission Indians,777,False,2020-05-28,,,,,False,2020-05-22,https://morongonation.org/coronavirus-covid%E2%80%9019-update,False,2020-05-22,https://morongonation.org/coronavirus-covid%E2%80%9019-update,,,,False,,,False,,,,,False,2020-05-22,https://www.americangaming.org/research/covid-19-casino-tracker/,False,,,30,,2020-05-30 14:47:07
4015,Stockbridge Munsee Community,765,False,,https://www.mohican.com/mt-content/uploads/2020/05/may-26-1st-positive-case-on-reservation-final_.pdf,,,,True,2020-05-14,https://www.mohican.com/mt-content/uploads/2020/05/pr_may-14-statement-on-wis-sup-ct-action.pdf,True,2020-05-14,https://www.mohican.com/mt-content/uploads/2020/05/pr_may-14-statement-on-wis-sup-ct-action.pdf,,,,True,2020-05-14,https://www.mohican.com/mt-content/uploads/2020/05/pr_may-14-statement-on-wis-sup-ct-action.pdf,,,,,,,,,,,,,,2020-05-30 14:51:50
9838,Occaneechi Band of teh Saponi Nation,9522,True,2020-05-14,https://www.wfmynews2.com/article/news/health/coronavirus/coronavirus-testing-triad/83-b3ee5e1a-b7b4-437b-95d7-407745d5c9aa,,,http://obsn.org/,,,http://obsn.org/,,,http://obsn.org/,,,http://obsn.org/,,,http://obsn.org,,,http://obsn.org/,False,http://obsn.org/,,,http://obsn.org/,False,,http://obsn.org/,20,,2020-05-30 14:52:16
9745,Haliwa-Saponi Indian Tribe,4300,True,2020-05-11,https://www.fastmed.com/urgent-care-centers/rocky-mount-nc-walk-in-clinic-n-winstead-avenue/?utm_campaign=gmb-website&utm_medium=organic&utm_source=google,True,2020-03-16,https://www.facebook.com/photo?fbid=1093763964309514&set=a.108779859474601,True,2020-03-30,https://www.facebook.com/photo?fbid=2747993951989607&set=a.314830105306016,True,2020-03-30,https://www.facebook.com/photo?fbid=2747993951989607&set=a.314830105306016,False,,,True,2020-03-17,https://www.facebook.com/photo?fbid=2717200028402333&set=a.314830105306016,,,,True,https://www.facebook.com/haliwasaponitribalschool/posts/1140836402935603,True,2020-03-30,https://www.facebook.com/photo?fbid=2747993951989607&set=a.314830105306016,,,,27,False,2020-05-30 17:22:00
305,Blackfeet Tribe of the Blackfeet Indian Reservation of Montana,17321,True,,http://www.cutbankpioneerpress.com/glacier_reporter/news/article_4adda77e-99fe-11ea-b5e2-f78ebfda3ab3.html,True,2020-04-20,https://www.bps.k12.mt.us/school_closure__covid_19_,True,2020-04-27,https://blackfeetnation.com/wp-content/uploads/2020/05/1.-Blackfeet-Tribe_Resolution_Approving-the-Blackfeet-Tribe-COVID-19-Business-Regulation-Order_April-17_2020.pdf,True,2020-04-01,https://blackfeetnation.com/wp-content/uploads/2020/05/8-Blackfeet-Tribe_Excerpt_Stay-at-Home-Order_April-1_2020.pdf,True,2020-04-01,https://blackfeetnation.com/wp-content/uploads/2020/05/8-Blackfeet-Tribe_Excerpt_Stay-at-Home-Order_April-1_2020.pdf,True,2020-04-08,https://blackfeetnation.com/wp-content/uploads/2020/05/1.-Blackfeet-Tribe_Excerpt_Cancel-all-2020-community-events_April-8_2020.pdf,False,,,True,https://www.fastblackfeet.org/resources/blackfeet-commodity-food-program-fdpir/,True,2020-04-27,https://blackfeetnation.com/wp-content/uploads/2020/05/1.-Blackfeet-Tribe_Resolution_Approving-the-Blackfeet-Tribe-COVID-19-Business-Regulation-Order_April-17_2020.pdf,True,2020-04-01,https://blackfeetnation.com/wp-content/uploads/2020/05/6.-Blackfeet-Tribe_Excerpt_Traffic-restriction-order_April-1_2020.pdf,17,True,2020-06-11 13:08:00
3355,San Carlos Apache Tribe of the San Carlos Reservation,10292,True,,https://www.gilahealth.com/covid-19/covid-19-testing/#pos_1631,True,2020-04-30,https://www.globemiamitimes.com/a-letter-from-san-carlos-superintendent-of-schools-dr-dennison/,True,,https://gilavalleycentral.net/san-carlos-apache-tribe-implements-curfew-limits-funerals-to-no-more-than-10/,True,2020-04-16,https://silverbelt.com/article/council-takes-further-action-on-covid-19-mandating-lockdown-of-reservation-continuing-curfew,True,2020-04-16,https://gilavalleycentral.net/san-carlos-apache-tribe-implements-curfew-limits-funerals-to-no-more-than-10/,True,2020-04-16,https://silverbelt.com/article/council-takes-further-action-on-covid-19-mandating-lockdown-of-reservation-continuing-curfew,True,,http://www.aztribaltransportation.org/sca/pdf/2020-COVID-Grant-for-Nnee-Bich.pdf,True,https://www.fns.usda.gov/contacts?f%5B0%5D=program%3A23&keywords=&page=7,True,,https://gilavalleycentral.net/san-carlos-apache-tribe-implements-curfew-limits-funerals-to-no-more-than-10/,True,2020-05-01,https://www.facebook.com/pg/San-Carlos-Apache-Police-Department-521663177892550/posts/,132,,2020-06-12 10:21:51
9830,Nanticoke Indian Tribe,8546,True,,https://www.delmarvanow.com/story/news/local/delaware/2020/04/29/where-get-tested-coronavirus-sussex-county/3046399001/,True,2020-04-24,https://www.irsd.net/News/schools_closed_remainder_of_academic_year,True,2020-03-24,https://governor.delaware.gov/wp-content/uploads/sites/24/2020/03/Fifth-Modification-to-State-of-Emergency-03222020.pdf,True,2020-03-24,https://governor.delaware.gov/wp-content/uploads/sites/24/2020/03/Fifth-Modification-to-State-of-Emergency-03222020.pdf,False,,,True,2020-03-24,https://governor.delaware.gov/wp-content/uploads/sites/24/2020/03/Fifth-Modification-to-State-of-Emergency-03222020.pdf,,,,,,,,,,,,36,,2020-06-12 10:47:35
2300,Mississippi Band of Choctaw Indians,10000,True,2020-05-04,https://www.facebook.com/MSBandofChoctawIndians/posts/the-chc-community-drive-thru-testing-for-covid-19-will-begin-operation-beginning/3480267015335089/,True,2020-03-20,https://www.choctaw.org/pdf/Covid_19/20.1doc01451520200320161538.pdf,True,2020-04-17,https://www.choctaw.org/pdf/Covid_19/Chief%20Notices/03execorder%202020-04.pdf,True,2020-04-17,https://www.choctaw.org/pdf/Covid_19/Chief%20Notices/03execorder%202020-04.pdf,True,2020-04-17,https://www.choctaw.org/pdf/Covid_19/Chief%20Notices/03execorder%202020-04.pdf,True,2020-04-17,https://www.choctaw.org/pdf/Covid_19/Chief%20Notices/03execorder%202020-04.pdf,False,,,True,https://www.choctaw.org/government/tribalServices/facs/fdp.html,True,2020-03-19,https://www.wdam.com/2020/05/19/while-other-casinos-prepare-reopen-bok-homa-will-remain-closed/,False,,,99,,2020-06-12 12:11:22
9825,Meherrin Nation,900,True,2020-06-12,https://www.rcchc.org/news/228-covid-19-drive-thru-testing-announced-for-hertford-county.html,True,2020-03-23,https://files.nc.gov/governor/documents/files/EO120.pdf,True,2020-03-27,https://files.nc.gov/governor/documents/files/EO121-Stay-at-Home-Order-text.pdf,True,2020-03-27,https://files.nc.gov/governor/documents/files/EO121-Stay-at-Home-Order-text.pdf,False,,,True,2020-03-27,https://files.nc.gov/governor/documents/files/EO121-Stay-at-Home-Order-text.pdf,,,,False,,,,,,,,17,,2020-06-12 12:26:27
3320,Saint Regis Mohawk Tribe (formerly the St. Regis Band of Mohawk Indians of New York),3302,True,2020-05-04,https://www.srmt-nsn.gov/news/2020/srmt-health-services-commences-limited-covid-19-testing,True,2020-03-14,https://www.srmt-nsn.gov/news/2020/march-13-2020-srmt-mca-joint-covid-19-informational-briefing,True,2020-03-18,https://www.srmt-nsn.gov/news/2020/tribal-council-issues-protocols-for-businesses-and-community-members,True,2020-03-27,https://www.srmt-nsn.gov/news/2020/mca-srmt-urges-stay-at-home-and-self-quarantine-for-travelers,False,,,True,2020-03-18,https://www.srmt-nsn.gov/news/2020/tribal-council-issues-protocols-for-businesses-and-community-members,,,,True,https://www.fns.usda.gov/contacts?f%5B0%5D=program%3A23&keywords=&page=7,True,2020-03-17,https://mohawkcasino.com/news/amcr-temporarily-closing-response-covid-19-concerns/,False,,,1,True,2020-06-12 19:15:43
1700,Jicarilla Apache Nation,3195,True,2020-05-27,https://storage.googleapis.com/gator-users/user-636667/documents/a0b9b3ab254d4aeda332f2df43c87bd2/as%20of%2006092020.pdf,True,2020-03-23,https://www.bia.gov/covid-19/school-closures,True,2020-03-12,https://storage.googleapis.com/gator-users/user-636667/documents/a0b9b3ab254d4aeda332f2df43c87bd2/as%20of%2006092020.pdf,True,2020-04-11,https://storage.googleapis.com/gator-users/user-636667/documents/6afe3149f063480ca2593431cc492989/Curfew%20Extended%20.pdf,False,,,True,2020-03-12,https://storage.googleapis.com/gator-users/user-636667/documents/a0b9b3ab254d4aeda332f2df43c87bd2/as%20of%2006092020.pdf,,,,False,,True,2020-03-19,https://www.kob.com/coronavirus/governor-announces-all-tribal-casinos-in-nm-have-closed/5678927/,False,,,1,True,2020-06-12 19:20:25
5835,Cayuga Nation,3081,False,,,,,,True,2020-03-18,http://cayuganation-nsn.gov/uploads/1/0/7/9/107953845/cayuga_nation_press_release_3_18_20.pdf,True,2020-04-11,https://www.localsyr.com/health/coronavirus/cayuga-county-asks-residents-to-shelter-in-place/,False,,,False,,,,,,False,,True,2020-03-18,http://cayuganation-nsn.gov/uploads/1/0/7/9/107953845/cayuga_nation_press_release_3_18_20.pdf,False,,,,,2020-06-12 19:23:30
5835,Cayuga Nation,,,,,,,,False,2020-05-15,http://cayuganation-nsn.gov/uploads/1/0/7/9/107953845/nation_lakeside_reopening_press_release.pdf,,,,,,,,,,,,,,,False,2020-05-15,http://cayuganation-nsn.gov/uploads/1/0/7/9/107953845/nation_lakeside_reopening_press_release.pdf,,,,,,2020-06-12 19:24:34
9844,Pee Dee Indian Nation of Upper South Carolina,,,,,,,,,,,,,,,,,,,,,,,,,,,,,,,,,2020-06-13 15:43:35
9844,Pee Dee Indian Tribe of South Carolina,,,,,,,,,,,,,,,,,,,,,,,,,,,,,,,,,2020-06-13 15:43:58
2990,Pueblo of Pojoaque,3356,True,2020-04-24,https://valleydailypost.com/blog/pueblo-of-pojoaque-to-open-drive-thru-testing-to-pueblo-and-community-members/,True,2020-03-27,https://pvs.k12.nm.us/wp-content/uploads/School-Closure-3-27-20.pdf,True,2020-03-24,http://pojoaque.org/wp-content/uploads/2020/03/Stay-at-Home-Order-Pueblo-of-Pojoaque.pdf,True,2020-03-24,http://pojoaque.org/wp-content/uploads/2020/03/Stay-at-Home-Order-Pueblo-of-Pojoaque.pdf,False,,,True,2020-03-24,http://pojoaque.org/wp-content/uploads/2020/03/Stay-at-Home-Order-Pueblo-of-Pojoaque.pdf,,,,True,http://fooddistribution.snappages.com/,True,2020-03-16,https://www.kob.com/coronavirus/pueblo-of-pojoaque-to-close-casinos-for-2-weeks/5674376/,True,,https://nmpoliticalreport.com/2020/04/09/state-says-it-will-help-erect-roadblocks-to-pueblo-land/,5,,2020-06-17 10:38:29
115,Pueblo of Acoma,2784,True,2020-05-08,http://www.puebloofacoma.org/uploads/PressRelease/18d91ed0dbee4ebf9f62b4f5b82abfbf/COVID_19_Drive_Thru.png,True,2020-03-27,http://www.puebloofacoma.org/uploads/PressRelease/18d91ed0dbee4ebf9f62b4f5b82abfbf/news_release_032720.pdf,True,2020-04-10,http://www.puebloofacoma.org/uploads/PressRelease/18d91ed0dbee4ebf9f62b4f5b82abfbf/EO.PDF,True,2020-04-10,http://www.puebloofacoma.org/uploads/PressRelease/18d91ed0dbee4ebf9f62b4f5b82abfbf/EO.PDF,False,,,True,2020-04-10,http://www.puebloofacoma.org/uploads/PressRelease/18d91ed0dbee4ebf9f62b4f5b82abfbf/EO.PDF,,,,True,http://www.puebloofacoma.org/Food_Distribution.aspx,True,2020-03-17,http://www.puebloofacoma.org/uploads/PressRelease/18d91ed0dbee4ebf9f62b4f5b82abfbf/comm_ltr_closure.PDF,True,2020-04-10,http://www.puebloofacoma.org/uploads/PressRelease/18d91ed0dbee4ebf9f62b4f5b82abfbf/EO.PDF,16,,2020-06-17 10:58:41
2785,Picuris Pueblo,2216,False,,,,,,,,,,,,,,,,,,,,,True,http://fooddistribution.snappages.com/,True,2020-03-22,"https://www.taosnews.com/stories/picuris-pueblo-closes-pueblo-hotel-santa-fe,62943",True,2020-03-22,"https://www.taosnews.com/stories/picuris-pueblo-closes-pueblo-hotel-santa-fe,62943",,,2020-06-17 12:37:42
7745,"Ute Mountain Tribe of the Ute Mountain Reservation (Colorado, New Mexico and Utah)",1544,True,,https://the-journal.com/articles/174306,,,,,,,True,2020-06-04,https://www.ksjd.org/post/coronavirus-updates-and-resources-southwest-colorado-and-four-corners#stream/0,False,,,,,,,,,,,True,2020-04-22,https://the-journal.com/articles/174306,True,2020-04-22,https://the-journal.com/articles/174306,7,,2020-06-17 12:56:21
5550,Cherokee of Georgia Tribal Council,,True,2020-05-15,https://www.facebook.com/Walmart1219/posts/3066759000048546,,,,,,,,,,,,,,,,,,,False,,,,,False,,,38,,2020-06-17 20:15:45
20,Agua Caliente Band of Cahuilla Indians of the Agua Caliente Indian Reservation,,True,2020-05-05,https://www.palmspringsca.gov/residents/neighborhoods/coronavirus-information,,,,True,2020-03-17,https://www.indianz.com/covid19/?p=680,,,,False,,,False,,,False,,,True,http://www.aguacaliente.org/content/News%20and%20Events/?showStoryID=144&backTo=http://www.aguacaliente.org/content/Government%20Affairs%20and%20Press/,True,2020-03-17,http://www.aguacaliente.org/content/News%20and%20Events/?showStoryID=139&backTo=http://www.aguacaliente.org/content/Government%20Affairs%20and%20Press/,False,,,10,True,2020-06-18 16:20:04
20,Agua Caliente Band of Cahuilla Indians of the Agua Caliente Indian Reservation,,,,,,,,False,2020-05-22,http://www.aguacaliente.org/content/News%20and%20Events/?showStoryID=143,,,,,,,,,,,,,,,,,,,,,,,2020-06-18 16:22:39
7080,Ninilchik Village,,,,,,,,True,2020-03-20,http://kpboem.blogspot.com/2020/03/32020-dhss-march-20-covid-19-health.html,True,2020-03-20,https://www.ninilchiktribe-nsn.gov/health/#medical_clinic,False,,,True,,https://www.ninilchiktribe-nsn.gov/announcements/health-fair-spring-into-health/,False,,,False,,,,,False,,,,,2020-06-19 02:54:19
3925,Southern Ute Indian Tribe of the Southern Ute Reservation,,True,2020-06-09,https://www.southernute-nsn.gov/2020/06/03/suit-cdphe-covid-19-recovery-and-viral-testing/,True,2020-04-28,https://www.southernute-nsn.gov/2020/04/28/suima-school-closure/,True,2020-03-18,https://www.southernute-nsn.gov/2020/03/20/news-release-tribe-to-cease-non-essential-tribal-government-operations-due-to-outbreak-of-the-novel-coronavirus-disease-2019-covid-19/,True,2020-03-25,https://www.southernute-nsn.gov/2020/06/03/suit-cdphe-covid-19-recovery-and-viral-testing/,False,,,True,2020-03-18,https://www.southernute-nsn.gov/2020/03/20/news-release-tribe-to-cease-non-essential-tribal-government-operations-due-to-outbreak-of-the-novel-coronavirus-disease-2019-covid-19/,False,,,True,https://www.southernute-nsn.gov/tribal-services/food-distribution-program/,True,2020-03-18,https://www.southernute-nsn.gov/2020/03/20/news-release-tribe-to-cease-non-essential-tribal-government-operations-due-to-outbreak-of-the-novel-coronavirus-disease-2019-covid-19/,False,,,9,True,2020-06-19 03:07:26
2445,Nez Perce Tribe,,False,,,True,2020-03-16,https://www.nezperce.org/wp-content/uploads/2020/05/NPT-COVID-19-Update-Log-2.pdf,True,2020-03-18,https://www.nezperce.org/wp-content/uploads/2020/05/NPT-COVID-19-Update-Log-2.pdf,True,2020-03-27,https://www.nezperce.org/wp-content/uploads/2020/05/NPT-COVID-19-Update-Log-2.pdf,False,,,True,2020-05-13,https://www.nezperce.org/wp-content/uploads/2020/05/NPT-COVID-19-Update-Log-2.pdf,False,,,True,https://nezperce.org/government/social-services/,True,2020-03-18,https://www.nezperce.org/wp-content/uploads/2020/05/NPT-COVID-19-Update-Log-2.pdf,False,,,,,2020-06-19 05:16:45
5860,Tonkawa Tribe of Indians of Oklahoma,826,False,,,True,2020-03-23,https://www.tonkawa.k12.ok.us/,True,2020-03-23,https://www.facebook.com/Tonkawa.Tribe,True,2020-03-23,https://www.facebook.com/Tonkawa.Tribe,False,,,True,2020-03-23,https://www.facebook.com/Tonkawa.Tribe,,,,True,,False,,https://www.facebook.com/TonkawaHotelCasino/posts/2704687706320012,False,,,,,2020-06-19 15:45:36
1490,Hoopa Valley Tribe,2140,True,2020-04-23,https://lostcoastoutpost.com/2020/apr/23/hoopa-valley-tribe-receives-limited-supply-rapid-c/,,2020-03-05,https://www.hoopa-nsn.gov/wp-content/uploads/2020/03/Chairmans-COVID19-Reponse-Memo_compressed.pdf,True,2020-06-05,https://lostcoastoutpost.com/2020/may/14/hoopa-valley-tribe-extends-reservation-closure/,True,2020-03-19,https://www.hoopa-nsn.gov/order-1/,,2020-03-05,https://www.hoopa-nsn.gov/wp-content/uploads/2020/03/Chairmans-COVID19-Reponse-Memo_compressed.pdf,True,2020-03-05,https://www.hoopa-nsn.gov/wp-content/uploads/2020/03/Chairmans-COVID19-Reponse-Memo_compressed.pdf,,,,True,https://www.fns.usda.gov/contacts?f%5B0%5D=program%3A23&keywords=&page=3,True,2020-03-05,https://www.hoopa-nsn.gov/wp-content/uploads/2020/03/Chairmans-COVID19-Reponse-Memo_compressed.pdf,,,,10,,2020-06-19 16:54:48
750,Mechoopda Indian Tribe of Chico Rancheria,3344,True,2020-04-07,https://www.mechoopda-nsn.gov/blog/single-entry/covid-19-information,,,,,,,,,,,,,,,,,,,,,,,,,,,15,,2020-06-19 17:19:24
4255,Torres-Martinez Desert Cahuilla Indians,4146,False,,,,,,True,2020-03-21,https://www.facebook.com/TMDCI/photos/pcb.3124541950911376/3124541100911461/,True,2020-03-21,https://www.facebook.com/TMDCI/photos/pcb.3124541950911376/3124541100911461/,,,,True,2020-03-21,https://www.facebook.com/TMDCI/photos/pcb.3124541950911376/3124541100911461/,,,,,,True,2020-03-21,https://www.desertsun.com/story/news/health/2020/03/25/coronavirus-torres-martinez-tribe-last-coachella-valley-close-its-casino/5083852002/?fbclid=IwAR33rcnT9rxygB-fbxuUkBmxTmwRgcyDcxhAMszUc4aZs_fRIuFY8PQDLMg,,,,,,2020-06-19 17:35:10
9835,Nanticoke Lenni-Lenape Tribal Nation,5932,,,,,,,,,,,,,,,,,,,,,,,,,,,,,,,,2020-06-21 09:29:51
2285,Red Lake Band of Chippewa Indians,5859,True,2020-05-15,https://lptv.org/red-lake-nation-declares-covid-19-threat-a-public-health-emergency/,True,2020-03-20,https://www.duluthnewstribune.com/news/education/5010249-Delivering-meals-and-familiar-faces-Minnesota-tribal-school-feeds-students-despite-closure,True,2020-04-03,https://www.redlakenation.org/wp-content/uploads/2020/04/Executive-Order-Medical-Martial-Law-04032020.pdf,True,2020-04-03,https://www.redlakenation.org/wp-content/uploads/2020/04/Executive-Order-Medical-Martial-Law-04032020.pdf,False,,,True,2020-04-03,https://www.redlakenation.org/wp-content/uploads/2020/04/Executive-Order-Medical-Martial-Law-04032020.pdf,False,,,True,https://www.redlakenation.org/food-distribution-program/,True,2020-03-19,https://www.redlakenationnews.com/story/2020/03/19/news/a-message-from-the-red-lake-tribal-council-about-covid-19/87559.html,False,,,5,False,2020-06-21 09:32:46
2285,Red Lake Band of Chippewa Indians,,True,2020-03-13,https://lptv.org/red-lake-nation-declares-covid-19-threat-a-public-health-emergency/,,,,,,,,,,,,,,,,,,,,,,,,,,,5,,2020-06-21 09:34:29
9580,Chickahominy Indian Tribe,3601,True,2020-05-15,https://www.nbc12.com/2020/05/13/covid-drive-thru-testing-event-being-held-charles-city-county/,,,,True,2020-03-17,http://nkccnews.com/community/2020/03/19/chickahominy-tribe-declares-state-emergency-response-covid-19/,False,,,False,,,False,,,,,,False,,,,,False,,,1,,2020-06-21 09:35:40
1825,Lac du Flambeau Band of Lake Superior Chippewa Indians of the Lac du Flambeau Reservation of Wisconsin,3413,True,2020-05-20,https://ldftribe.com/page/51/Community-Update-5-15-20-2-pm/,True,2020-03-17,https://www.ldf.k12.wi.us/o/lac-du-flambeau/page/ldf-school-covid-19-information,True,2020-03-24,https://ldftribe.com/uploads/files/Covid19/Declaration-of-Shelter-at-Home.pdf,True,2020-03-24,https://ldftribe.com/uploads/files/Covid19/Declaration-of-Shelter-at-Home.pdf,False,,,True,2020-03-24,https://ldftribe.com/uploads/files/Covid19/Declaration-of-Shelter-at-Home.pdf,False,,,True,"https://www.ldftribe.com/departments/35/Health_Human_Services/Food_Distribution_Program.html#:~:text=The%20Lac%20du%20Flambeau%20Food,southern%20tip%20of%20Iron%20County.",True,2020-03-22,http://wisconsin.casinocity.com/lac-du-flambeau/lake-of-the-torches-resort-casino/,False,,,17,True,2020-06-21 09:39:09
1825,Lac du Flambeau Band of Lake Superior Chippewa Indians of the Lac du Flambeau Reservation of Wisconsin,,,,,,,,,,,,,,,,,,,,,,,,,False,2020-06-17,http://wisconsin.casinocity.com/lac-du-flambeau/lake-of-the-torches-resort-casino/,,,,,,2020-06-21 09:40:00
2175,Menominee Indian Tribe of Wisconsin,3390,True,2020-04-23,https://www.menominee-nsn.gov/Covid/MTC%20Covid%20testing%204.23.2020.pdf,True,2020-03-16,https://myemail.constantcontact.com/MITW-Response-to-COVID-19.html?soid=1129920098227&aid=Gaw8bLPVSw8,True,2020-03-16,https://myemail.constantcontact.com/MITW-Response-to-COVID-19.html?soid=1129920098227&aid=Gaw8bLPVSw8,True,2020-03-16,https://myemail.constantcontact.com/MITW-Response-to-COVID-19.html?soid=1129920098227&aid=Gaw8bLPVSw8,False,,,True,2020-03-16,https://myemail.constantcontact.com/MITW-Response-to-COVID-19.html?soid=1129920098227&aid=Gaw8bLPVSw8,False,,,True,http://www.emhandbooks.wisconsin.gov/fsh/policy_files/3/3-11-1.htm,True,2020-03-19,https://www.menomineecasinoresort.com/wp-content/uploads/2020/03/2020_MCR_ClosureNotice_REVMar18.pdf,False,,,1,,2020-06-21 09:42:40
2175,Menominee Indian Tribe of Wisconsin,,,,,,,,False,2020-06-03,https://files.constantcontact.com/3bf6c741701/38a4e1bb-686e-4374-8504-1bbae9ff444b.pdf,,,,,,,,,,,,,,,False,2020-05-27,https://www.menominee-nsn.gov/Covid/MCR%20Welcome%20Back.jpg,,,,,,2020-06-21 09:44:47
2490,Northern Cheyenne Tribe of the Northern Cheyenne Indian Reservation,5012,True,2020-06-11,https://www.kxlh.com/news/coronavirus/governor-attends-northern-cheyenne-covid-19-testing-event,True,2020-03-15,http://www.cheyennenation.com/,True,2020-03-15,http://www.cheyennenation.com/,True,2020-03-15,http://www.cheyennenation.com/,False,2020-03-15,,True,2020-03-15,http://www.cheyennenation.com/,True,2020-03-15,http://www.cheyennenation.com/,True,,True,2020-03-15,http://www.cheyennenation.com/,,,,20,,2020-06-22 17:18:14
