fips,school,school_url,school_date,work,work_url,work_date,shelter_enforcement,shelter_enforcement_link,shelter_enforcement_date,shelter,shelter_url,shelter_date,event,event_url,event_date,testing,testing_url,testing_date,transport,transport_url,transport_date,updated
4013,True,https://azgovernor.gov/governor/news/2020/03/governor-ducey-superintendent-hoffman-announce-extension-school-closures,2020-03-30,True,https://www.fox10phoenix.com/video/669286,2020-03-31,False,,,False,https://www.theguardian.com/us-news/2020/mar/30/arizona-coronavirus-covid-19-lockdown-shelter-in-place,,False,https://www.maricopa.gov/Calendar.aspx,,True,https://www.fox10phoenix.com/news/banner-health-announces-drive-through-covid-19-testing-in-the-valley,2020-03-23,False,https://www.maricopa.gov/5307/Transportation-MCDOT,,2020-04-09 18:33:06
4017,True,https://www.propublica.org/article/a-school-on-navajo-nation-stayed-open-then-people-started-showing-symptoms,2020-04-03,True,https://reports.mysidewalk.com/ebaab58e56,2020-04-04,False,,,True,https://reports.mysidewalk.com/ebaab58e56,2020-04-04,True,https://reports.mysidewalk.com/ebaab58e56,2020-04-04,False,,,False,,,2020-04-13 13:28:27
4019,True,https://tucson.com/news/local/arizona-schools-to-close-for-the-rest-of-the-school-year-due-to-coronavirus/article_fba60b28-7299-11ea-833f-d37233e2dcf1.html,2020-03-16,True,https://azgovernor.gov/sites/default/files/eo_2021_0.pdf,2020-03-23,True,https://www.azdhs.gov/documents/preparedness/epidemiology-disease-control/infectious-disease-epidemiology/novel-coronavirus/eo-stay-home-stay-healthy-stay-connected.pdf,2020-03-31,True,https://www.azdhs.gov/documents/preparedness/epidemiology-disease-control/infectious-disease-epidemiology/novel-coronavirus/eo-stay-home-stay-healthy-stay-connected.pdf,2020-03-31,True,https://www.azdhs.gov/preparedness/epidemiology-disease-control/infectious-disease-epidemiology/index.php#novel-coronavirus-home,2020-03-17,False,,,False,,,2020-04-12 22:07:05
6001,True,https://edsource.org/2020/california-k-12-schools-closed-due-to-the-coronavirus/624984,2020-03-16,True,http://www.acphd.org/media/559661/alameda-county-press-release-20200316.pdf,2020-03-16,False,,,True,http://www.acphd.org/media/559661/alameda-county-press-release-20200316.pdf,2020-03-16,True,http://www.acphd.org/media/559661/alameda-county-press-release-20200316.pdf,2020-03-16,True,http://www.acphd.org/media/564902/acphd-covid-19-test-request-and-specimen-procedures-2020.04.03.pdf,2020-04-03,False,,,2020-04-12 21:14:33
6013,True,https://www.cccoe.k12.ca.us/UserFiles/Servers/Server_1077313/File/School%20Closures%20Extended%20Through%20May%201.pdf,2020-03-25,True,https://cchealth.org/coronavirus/pdf/HO-COVID19-SIP-0316-2020.pdf,2020-03-16,True,https://cchealth.org/coronavirus/pdf/HO-COVID19-SIP-0316-2020.pdf,2020-03-16,True,https://cchealth.org/coronavirus/pdf/HO-COVID19-SIP-0316-2020.pdf,2020-03-16,True,https://cchealth.org/coronavirus/pdf/HO-COVID19-SIP-0316-2020.pdf,2020-03-16,True,https://www.cdph.ca.gov/programs/cid/dcdc/pages/immunization/ncov2019.aspx,,False,https://www.nbcbayarea.com/community/covid-19-bay-area-transportation-updates/2260784/,,2020-04-12 16:09:15
6019,True,https://www.fresnounified.org/Documents/Final%20Letter--%20School%20Closing.pdf,2020-03-16,True,https://www.fresno.gov/wp-content/uploads/2020/03/EMERGENCY-ORDER-2020-02_SHELTER-IN-PLACE-3.18.20.pdf,2020-03-19,True,https://www.fresno.gov/wp-content/uploads/2020/04/Emergency-Order-2020-13-Shelter-in-Place-Extended-and-Expanded-with-Appendix-A.pdf,2020-04-11,True,https://www.co.fresno.ca.us/departments/public-health/covid-19,2020-03-19,True,https://www.co.fresno.ca.us/departments/public-health/covid-19,2020-03-19,True,https://www.co.fresno.ca.us/departments/public-health/covid-19,2020-04-11,False,,,2020-04-12 23:39:13
6029,True,https://kern.org/2020/03/18/letter-to-the-community-covid-19/,2020-03-16,True,https://kernpublichealth.com/wp-content/uploads/2020/04/Order-of-the-Health-Officer.pdf,2020-03-19,False,,,True,https://kernpublichealth.com/wp-content/uploads/2020/04/Order-of-the-Health-Officer.pdf,2020-03-19,True,https://www.latimes.com/california/story/2020-04-07/manhattan-beach-citations-coronavirus-social-distancing-violations,2020-03-19,True,https://kernpublichealth.com/2019-novel-coronavirus/,2020-04-12,False,https://kerntransit.org/news/service-reduction-beginning-monday-march-30/,2020-03-30,2020-04-12 23:08:07
6037,True,https://www.lacoe.edu/Home/News-Announcements/Coronavirus-School-Closures,2020-03-16,True,http://publichealth.lacounty.gov/media/Coronavirus/COVID-19_SaferAtHome_HealthOfficerOrder_20200319_Signed.pdf,2020-03-19,True,https://www.latimes.com/california/story/2020-04-07/manhattan-beach-citations-coronavirus-social-distancing-violations,2020-04-07,True,http://publichealth.lacounty.gov/media/Coronavirus/COVID-19_SaferAtHome_HealthOfficerOrder_20200319_Signed.pdf,2020-03-19,True,http://publichealth.lacounty.gov/media/Coronavirus/COVID-19_SaferAtHome_HealthOfficerOrder_20200319_Signed.pdf,2020-03-19,True,http://publichealth.lacounty.gov/acd/ncorona2019/lab.htm,2020-03-24,False,,,2020-04-12 23:00:01
6059,True,https://www.orangeusd.org/parent-community-corner/covid-19-information,2020-03-16,True,https://ktla.com/news/local-news/o-c-bans-gatherings-of-any-size-closes-bars-and-restaurants-as-virus-cases-climb-to-29/,2020-03-17,False,,,True,https://ktla.com/news/local-news/o-c-bans-gatherings-of-any-size-closes-bars-and-restaurants-as-virus-cases-climb-to-29/,2020-03-17,True,https://ktla.com/news/local-news/o-c-bans-gatherings-of-any-size-closes-bars-and-restaurants-as-virus-cases-climb-to-29/,2020-03-17,True,https://voiceofoc.org/2020/03/1967086/,2020-03-21,False,,,2020-04-10 09:11:00
6065,True,https://rivcoph.org/Portals/0/Documents/CoronaVirus/31320Schoolclosurenewsrelease.pdf,2020-03-16,True,https://www.gov.ca.gov/wp-content/uploads/2020/03/3.19.20-attested-EO-N-33-20-COVID-19-HEALTH-ORDER.pdf,2020-03-19,True,https://www.desertsun.com/story/news/health/2020/04/08/coronavirus-california-palm-springs-imposes-fines-riverside-nursing-home-evacuated/2968497001/,2020-04-08,True,https://www.gov.ca.gov/wp-content/uploads/2020/03/3.19.20-attested-EO-N-33-20-COVID-19-HEALTH-ORDER.pdf,2020-03-19,True,https://www.gov.ca.gov/wp-content/uploads/2020/03/3.19.20-attested-EO-N-33-20-COVID-19-HEALTH-ORDER.pdf,2020-03-19,True,https://rivcoph.org/coronavirus,2020-03-22,False,https://www.riversidetransit.com/index.php/news-a-publications/latest-news/346-service-adjustments-and-protection-against-the-coronavirus-covid-19,,2020-04-12 19:09:56
6067,True,https://www.sacbee.com/news/local/education/article241179826.html,2020-03-16,True,https://www.saccounty.net/COVID-19/Documents/April7_UpdatedHealthOrderStayatHome.pdf,2020-03-19,False,,,True,https://www.saccounty.net/COVID-19/Documents/April7_UpdatedHealthOrderStayatHome.pdf,2020-03-19,True,https://www.saccounty.net/news/latest-news/Pages/SacCountyHealthOfficerExtendsCOVID-19Order.aspx,2020-04-07,True,https://www.projectbaseline.com/study/covid-19/,,True,https://www.sacog.org/public-transportation,,2020-04-12 21:20:44
6071,True,https://www.sbcusd.com/emergency_notification_center/emergency_notification,2020-03-13,True,https://www.sbsun.com/2020/03/19/sara-boyns-workplace-law-leave-and-pay-issues-related-to-covid-19-outbreak/,2020-03-17,False,,,True,https://www.foxla.com/news/list-of-california-cities-ordered-to-shelter-in-place,2020-03-17,True,https://www.foxla.com/news/list-of-california-cities-ordered-to-shelter-in-place,2020-03-17,True,http://wp.sbcounty.gov/dph/coronavirus/,2020-04-14,True,https://omnitrans.org/coronavirus-additional-bus-service-adjustments-in-effect-monday-april-13th/,2020-04-05,2020-04-12 21:35:41
6073,True,https://www.sandiegocounty.gov/content/sdc/hhsa/programs/phs/community_epidemiology/dc/2019-nCoV.html,2020-03-16,True,https://www.sandiegocounty.gov/content/sdc/hhsa/programs/phs/community_epidemiology/dc/2019-nCoV.html,2020-03-15,False,,,True,https://www.sandiegocounty.gov/content/sdc/hhsa/programs/phs/community_epidemiology/dc/2019-nCoV.html,2020-03-19,True,https://www.sandiegocounty.gov/content/sdc/hhsa/programs/phs/community_epidemiology/dc/2019-nCoV.html,2020-03-16,True,https://health.ucsd.edu/coronavirus/Pages/default.aspx,,True,https://www.sdmts.com/schedules-real-time/covid-19-updates,2020-04-12,2020-04-09 11:03:27
6075,True,https://www.sfchronicle.com/politics/article/San-Francisco-public-school-closure-What-does-it-15127638.php,2020-03-31,True,https://sf.gov/stay-home-except-essential-needs,2020-03-31,True,https://sf.gov/stay-home-except-essential-needs,2020-03-31,True,https://sf.gov/stay-home-except-essential-needs,2020-03-31,True,https://www.kcra.com/article/san-francisco-cancels-large-events-amid-covid-19-outbreak/31404491#,2020-03-11,True,https://abc7news.com/health/sf-announces-drive-thru-covid-19-testing-site-for-city-workers-on-the-frontlines/6081739/,2020-04-06,False,https://www.sfmta.com/projects/covid-19-developments-response,,2020-04-11 22:22:12
6077,True,https://www.sjcoe.org/healthsafety/schoolclosure.aspx,2020-03-16,True,https://www.sjgov.org/WorkArea/DownloadAsset.aspx?id=32448,2020-03-19,False,,,True,https://www.sjgov.org/WorkArea/DownloadAsset.aspx?id=32448,2020-03-19,True,https://www.sjgov.org/WorkArea/DownloadAsset.aspx?id=32430,2020-03-13,True,https://www.kcra.com/article/how-san-joaquin-countys-free-covid-19-drive-thru-testing-works/32084822#,2020-04-10,False,,,2020-04-11 20:33:26
6081,True,https://www.smcoe.org/other/covid-19-response-and-resources.html,2020-03-12,True,https://www.smcgov.org/sites/smcgov.org/files/HO%20Order%20Shelter%20in%20Place%2020200316.pdf,2020-03-16,False,,,True,https://www.smcgov.org/sites/smcgov.org/files/HO%20Order%20Shelter%20in%20Place%2020200316.pdf,2020-03-16,True,https://www.smcgov.org/sites/smcgov.org/files/HO%20Order%20Shelter%20in%20Place%2020200316.pdf,2020-03-16,True,https://www.projectbaseline.com/study/covid-19/,2020-03-26,False,,,2020-04-11 20:28:06
6085,True,https://www.santaclarausd.org/site/default.aspx?PageType=3&DomainID=8&ModuleInstanceID=10&ViewID=6446EE88-D30C-497E-9316-3F8874B3E108&RenderLoc=0&FlexDataID=5881&PageID=9,2020-03-16,True,https://www.sfchronicle.com/local-politics/article/Bay-Area-must-shelter-in-place-Only-15135014.php,2020-03-17,True,https://www.sfchronicle.com/local-politics/article/Bay-Area-must-shelter-in-place-Only-15135014.php,2020-03-17,True,https://www.sfchronicle.com/local-politics/article/Bay-Area-must-shelter-in-place-Only-15135014.php,2020-03-03,True,https://www.mercurynews.com/2020/03/09/following-first-coronavirus-death-santa-clara-county-bans-all-large-gathering/,2020-03-11,True,https://www.sccgov.org/sites/phd/DiseaseInformation/novel-coronavirus/Pages/coronavirus-facts.aspx,,False,,,2020-04-09 23:49:14
6087,True,http://sccs.net/UserFiles/Servers/Server_222705/File/News%20Page/COVID%2019/03.12.20%20Notification%20to%20Families%20of%20School%20Closure%20-%20COVID19%20-%20ENG.pdf,2020-03-16,True,http://www.santacruzhealth.org/Portals/7/Pdfs/Coronavirus/PHO%20Order%20Extending%20SIP%2020200331.pdf,2020-03-16,True,https://www.cnn.com/2020/04/12/us/santa-cruz-fine-drinks-stay-home-order-trnd/index.html,2020-04-12,True,http://www.santacruzhealth.org/Portals/7/Pdfs/Coronavirus/PHO%20Order%20Extending%20SIP%2020200331.pdf,2020-03-16,True,http://www.santacruzhealth.org/Portals/7/Pdfs/Coronavirus/PHO%20Order%20Extending%20SIP%2020200331.pdf,2020-03-16,False,https://www.cdph.ca.gov/Programs/CID/DCDC/Pages/Immunization/ncov2019.aspx,,False,https://www.scmtd.com/images/department/ceo/2020_APR_08_Customer_Alert_Reduced_Service.pdf,,2020-04-13 13:21:01
6111,True,https://keyt.com/news/ventura-county/2020/03/13/ventura-county-schools-to-close-next-week/,2020-03-16,True,https://www.vcemergency.com/staywellvc,2020-03-20,True,https://ktla.com/news/local-news/with-new-health-order-ventura-county-says-businesses-could-face-fines-for-staying-open/,2020-03-20,True,https://www.vcemergency.com/staywellvc,2020-03-20,True,https://www.vcemergency.com/staywellvc,2020-03-20,True,https://keyt.com/health/coronavirus/2020/03/17/more-drive-thru-covid-19-tests-available-in-ventura-county/,2020-03-17,False,https://www.goventura.org/2020/03/11/covid-19-update/,,2020-04-12 03:48:38
8031,True,https://www.denverpost.com/2020/03/12/denver-schools-closed-coronavirus/,2020-03-16,True,https://www.denvergov.org/content/denvergov/en/environmental-health/news/coronavirus-info/frequently-asked-questions---stay-at-home-order.html,2020-03-24,True,https://www.9news.com/article/news/local/next/denver-citing-non-essential-businesses-for-staying-open-during-pandemic/73-d8623d7b-16ff-4e41-a823-3c41818fe0a2,2020-03-31,True,https://www.denvergov.org/content/denvergov/en/environmental-health/news/coronavirus-info/frequently-asked-questions---stay-at-home-order.html,2020-03-24,True,https://www.denvergov.org/content/denvergov/en/environmental-health/news/coronavirus-info/frequently-asked-questions---stay-at-home-order.html,2020-03-24,False,,,True,https://www.rtd-denver.com/service-changes/covid-19-service-plan,2020-04-19,2020-04-11 21:27:13
8041,True,https://www.kktv.com/weather/closings,2020-03-23,True,https://www.visitcos.com/coronavirus-colorado-springs/,2020-03-25,False,,,True,https://www.visitcos.com/coronavirus-colorado-springs/,2020-03-25,True,https://www.visitcos.com/coronavirus-colorado-springs/,2020-03-25,True,https://www.elpasocountyhealth.org/news/news-release/2020/fema-sponsored-covid-19-testing-site-expands-to-include-testing-for,2020-04-04,False,,,2020-04-11 23:47:49
9001,True,https://patch.com/connecticut/fairfield/coronavirus-fairfield-schools-closing-indefinitely,2020-03-13,True,https://www.nbcconnecticut.com/news/coronavirus/gov-lamont-to-provide-update-on-connecticut-coronavirus-cases/2242239/,2020-03-21,False,,,True,https://www.nbcconnecticut.com/news/coronavirus/gov-lamont-to-provide-update-on-connecticut-coronavirus-cases/2242239/,2020-03-21,True,https://fairfieldct.org/news/?FeedID=3359,2020-03-10,True,https://fairfieldct.org/covid19,,False,https://www.fairfieldct.org/transportation,,2020-04-12 08:31:40
9003,True,https://www.courant.com/coronavirus/hc-news-coronavirus-schools-closed-distance-learning-20200316-vtnyvj6yxjdgxmln56za7umeey-story.html,2020-03-16,True,https://ctmirror.org/2020/03/20/lamont-reminds-the-locals-on-covid-19-he-is-in-charge/,2020-03-16,False,,,True,https://ctmirror.org/2020/03/20/lamont-reminds-the-locals-on-covid-19-he-is-in-charge/,2020-03-16,True,https://ctmirror.org/2020/03/20/lamont-reminds-the-locals-on-covid-19-he-is-in-charge/,2020-03-16,True,https://portal.ct.gov/-/media/Coronavirus/CTDPHCOVID19summary4122020.pdf?la=en,2020-04-11,False,,,2020-04-12 22:59:48
9009,True,https://www.nbcconnecticut.com/news/coronavirus/new-haven-public-schools-closing-indefinitely-over-coronavirus-concerns/2237271/,2020-03-12,True,https://patch.com/connecticut/easthaven/ct-coronavirus-all-non-essential-businesses-ordered-close,2020-03-23,True,https://www.wfsb.com/news/the-latest-nearly-10-000-covid-19-cases-in-ct-41-percent-discharged-from-hospital/article_54edec52-67ad-11ea-8482-877cb5d00dcd.html,2020-03-23,True,https://patch.com/connecticut/easthaven/ct-coronavirus-all-non-essential-businesses-ordered-close,2020-03-23,True,https://www.wfsb.com/news/covid--cases-in-new-haven-city-prohibits-gatherings-of/article_d3157460-6a19-11ea-9093-fb0c26115395.html,2020-03-19,True,https://www.ynhhs.org/patient-care/covid-19/covid-19-testing.aspx,2020-03-24,False,,,2020-04-12 03:28:28
11001,True,https://dcps.dc.gov/,2020-03-16,True,https://coronavirus.dc.gov/release/mayor-bowser-orders-closure-non-essential-businesses,2020-03-24,False,,,True,https://coronavirus.dc.gov/release/mayor-bowser-orders-closure-non-essential-businesses,2020-03-24,True,https://coronavirus.dc.gov/release/mayor-bowser-orders-closure-non-essential-businesses,2020-03-24,True,https://coronavirus.dc.gov/sites/default/files/u23/Testing%20for%20COVID19%20%281%29.pdf,2020-04-09,False,https://www.wmata.com/service/status/details/COVID-19.cfm,,2020-04-11 22:32:53
12011,True,https://wsvn.com/news/local/miami-dade/miami-dade-broward-counties-closing-schools-due-to-coronavirus-pandemic/,2020-03-16,True,https://www.broward.org/CoronaVirus/Pages/Updates.aspx,2020-03-20,False,,,True,https://www.broward.org/CoronaVirus/Pages/Updates.aspx,2020-03-20,True,https://www.broward.org/CoronaVirus/Pages/Updates.aspx,2020-03-20,True,https://www.broward.org/CoronaVirus/Pages/Updates.aspx,2020-03-21,False,,,2020-04-12 22:42:24
12031,True,https://dcps.duvalschools.org/duvalhomeroom,2020-03-23,True,https://www.firstcoastnews.com/article/news/health/coronavirus/mayor-curry-orders-all-non-essential-businesses-closed/77-b3f2791f-8ec3-4f7e-9667-c8ca6f35a26b,2020-04-01,False,https://www.firstcoastnews.com/article/news/health/coronavirus/mayor-curry-orders-all-non-essential-businesses-closed/77-b3f2791f-8ec3-4f7e-9667-c8ca6f35a26b,,True,https://www.firstcoastnews.com/article/news/health/coronavirus/mayor-curry-orders-all-non-essential-businesses-closed/77-b3f2791f-8ec3-4f7e-9667-c8ca6f35a26b,2020-04-01,True,https://www.firstcoastnews.com/article/news/health/coronavirus/mayor-curry-orders-all-non-essential-businesses-closed/77-b3f2791f-8ec3-4f7e-9667-c8ca6f35a26b,2020-04-01,True,https://www.coj.net/departments/fire-and-rescue/emergency-preparedness/preparedenss/covid-19-information,2020-04-02,False,https://www.jtafla.com/,,2020-04-12 08:08:42
12057,True,https://www.sdhc.k12.fl.us/doc/2650/communications/resources/coronavirus/?utm_source=web&utm_medium=alert&utm_campaign=coronavirus,2020-03-16,True,,,True,https://www.adn.com/nation-world/2020/03/30/florida-megachurch-pastor-who-held-sunday-services-in-violation-of-coronavirus-orders-surrenders-to-police/,2020-03-30,True,https://www.visittampabay.com/covid-19/,2020-04-01,True,https://www.visittampabay.com/covid-19/,2020-04-01,True,https://www.fox13news.com/news/florida-ramps-up-testing-ahead-of-anticipated-covid-19-peak,2020-04-08,True,http://www.gohart.org/,2020-04-01,2020-04-10 22:21:55
12071,True,https://www.news-press.com/story/news/education/2020/03/13/coronavirus-florida-lee-collier-schools-close-next-two-weeks/5046810002/,2020-03-14,True,https://www.leegov.com/covid-19/safer-at-home-order,2020-04-02,False,,,True,https://www.leegov.com/covid-19/safer-at-home-order,2020-04-02,True,https://www.leegov.com/covid-19/safer-at-home-order,2020-04-02,True,https://www.news-press.com/story/news/local/2020/03/26/coronavirus-heres-how-get-tested-swfl/2915277001/,2020-03-26,True,https://www.leegov.com/leetran,2020-03-26,2020-04-11 20:10:28
12086,True,http://www.dadeschools.net/,2020-03-31,True,https://www.miamidade.gov/information/library/coronavirus-emergency-order-07-20-businesses.pdf,2020-03-19,True,https://www.nbcmiami.com/news/local/florida-coronavirus-deaths-pass-350-more-than-16300-confirmed-cases/2217823/,2020-04-09,True,https://www.miamidade.gov/information/library/coronavirus-emergency-order-safer-at-home.pdf,2020-03-26,True,https://www.miamidade.gov/information/library/coronavirus-emergency-order-10-20-public-gatherings.pdf,2020-03-24,True,https://wsvn.com/news/local/miami-dade/testing-sites-for-covid-19-in-broward-and-miami-dade/,2020-03-19,False,,,2020-04-10 19:30:18
12095,True,https://www.ocps.net/departments/exceptional_student_education/related_services/school_health_services/coronavirus___c_o_v_i_d-19_,2020-03-17,True,http://orangecountyfl.net/portals/0/library/Emergency-Safety/docs/coronavirus/EO_20-91-compressed.pdf,2020-04-03,False,,,True,http://orangecountyfl.net/portals/0/library/Emergency-Safety/docs/coronavirus/EO_20-91-compressed.pdf,2020-04-03,True,http://orangecountyfl.net/portals/0/library/Emergency-Safety/docs/coronavirus/EO_20-91-compressed.pdf,2020-04-03,True,http://orangecountyfl.net/EmergencySafety/Coronavirus.aspx#.XpPT-VNKhTY,2020-04-11,False,,,2020-04-12 22:55:15
12099,,,,True,http://discover.pbcgov.org/Lists/Newsroom/NewsDispForm.aspx?ID=2685&Source=http%3A%2F%2Fdiscover%2Epbcgov%2Eorg%2FPages%2FNews%5FArchive%2Easpx&ContentTypeId=0x010400B394EB4EDAFC8D49A6998AD1EB535F61,2020-03-23,False,,,True,https://www.wptv.com/news/region-c-palm-beach-county/west-palm-beach/two-new-orders-handed-out-by-palm-beach-county,2020-03-25,False,,,True,http://discover.pbcgov.org/Lists/Newsroom/NewsDispForm.aspx?ID=2768&RootFolder=%2FLists%2FNewsroom&Source=http%3A%2F%2Fdiscover%2Epbcgov%2Eorg%2FPages%2Fdefault%2Easpx,,False,,,2020-04-12 21:06:48
12103,True,https://www.pcsb.org/Page/32751,2020-03-16,True,https://www.pinellascounty.org/emergency/PDF/covid19/res20-20.pdf,2020-03-25,True,https://www.abcactionnews.com/news/region-pinellas/st-pete-pd-plans-to-issue-tickets-in-public-parks-to-people-ignoring-social-distancing-rules,2020-03-31,True,https://www.pinellascounty.org/emergency/PDF/covid19/res20-20.pdf,2020-03-25,True,https://www.pinellascounty.org/emergency/PDF/covid19/res20-20.pdf,2020-03-25,True,https://baycare.org/coronavirus/covid-19-testing-centers,2020-04-10,False,,,2020-04-12 23:17:23
12105,True,https://polkschoolsfl.com/newsrelease/governor-florida-k-12-schools-to-remain-closed-until-april-15/,2020-03-17,True,https://www.polk-county.net/covid-19/county-closures-and-service-changes,2020-04-01,False,,,True,https://www.polk-county.net/covid-19/county-closures-and-service-changes,2020-04-01,True,https://www.polk-county.net/covid-19/county-closures-and-service-changes,2020-04-01,True,https://www.tampabay.com/news/health/2020/04/03/baycare-changes-covid-19-drive-thru-test-site-location-in-polk-county/,2020-04-03,False,https://ridecitrus.com/covid-19-update/,,2020-04-11 22:27:12
13067,True,http://cobbcast.cobbk12.org/?p=31681,2020-03-13,True,https://www.cobbcounty.org/communications/info-center/covid-19-updates,2020-04-03,False,,,True,https://www.cobbcounty.org/communications/info-center/covid-19-updates,2020-04-03,True,https://www.cobbcounty.org/communications/info-center/covid-19-updates,2020-04-03,False,https://www.cobbcounty.org/communications/info-center/covid-19-updates,,False,,,2020-04-11 20:59:38
13089,True,https://www.dekalbschoolsga.org/covid-19/covid-19/update-11-dekalb-county-school-district-closed-effective-march-16-2020/,2020-03-16,True,https://www.dekalbcountyga.gov/sites/default/files/users/user715/Stay%20at%20Home%20Order%20FINAL.pdf,2020-03-27,False,,,True,https://www.dekalbcountyga.gov/sites/default/files/users/user715/Stay%20at%20Home%20Order%20FINAL.pdf,2020-03-27,True,https://www.dekalbcountyga.gov/sites/default/files/users/user715/Stay%20at%20Home%20Order%20FINAL.pdf,2020-03-27,False,,,False,,,2020-04-11 21:06:00
13121,True,https://www.fultonschools.org/coronavirus,2020-04-02,True,https://fultoncountyga.gov/news/2020/04/06/updates-on-fulton-county-facility-closures-and-service-changes,2020-04-06,True,https://atlanta.eater.com/2020/4/1/21203264/fulton-county-georgia-board-of-health-commands-resident-shelter-in-place-covid19,2020-04-01,True,https://atlanta.eater.com/2020/4/1/21203264/fulton-county-georgia-board-of-health-commands-resident-shelter-in-place-covid19,2020-04-01,True,https://www.ajc.com/events/coronavirus-event-cancellations-and-around-metro-atlanta/iwq1EZYbGQUqtr0r5t0FrO/,2020-03-19,False,https://georgiarecorder.com/2020/03/18/limited-covid-19-testing-locations-open-in-georgia-with-tight-eligibility/,,False,,,2020-04-12 23:48:53
13135,True,https://www.gwinnettdailypost.com/local/gov-brian-kemp-shuts-down-all-schools-in-georgia-until-march-31-in-response-to/article_378b354c-67d6-11ea-88b5-2fb85d0a2396.html,2020-03-16,False,https://www.gwinnettdailypost.com/local/gwinnett-warns-business-park-closures-could-be-coming-if-voluntary-steps-are-not-taken-to/article_d9a6dcb2-6aee-11ea-8f85-2f2e07897f4a.html,,False,https://www.gwinnettcounty.com/web/gwinnett/Alert,,True,https://www.gwinnettcounty.com/web/gwinnett/Alert,2020-03-16,True,https://www.gwinnettcounty.com/web/gwinnett/Alert,2020-03-06,True,http://www.gnrhealth.com/covid-19-info/,,False,https://atltransit.org/about/agencies/gct/,,2020-04-12 09:01:26
15001,True,http://www.hawaiipublicschools.org/ConnectWithUs/MediaRoom/PressReleases/Pages/HIDOE-extends-school-closures-implements-remote-work-to-maintain-essential-functions.aspx,2020-03-19,True,https://www.hawaiinewsnow.com/2020/03/24/live-governor-expected-issue-statewide-stay-at-home-order-coronavirus-cases-swell/,2020-03-25,False,,,True,https://www.hawaiinewsnow.com/2020/03/24/live-governor-expected-issue-statewide-stay-at-home-order-coronavirus-cases-swell/,2020-03-25,True,https://www.hawaiinewsnow.com/2020/03/24/live-governor-expected-issue-statewide-stay-at-home-order-coronavirus-cases-swell/,2020-03-25,True,https://health.hawaii.gov/news/corona-virus/hawaii-covid-19-daily-news-digest-march-27-2020/,2020-03-27,False,,,2020-04-12 23:57:18
15003,True,https://www.hawaiinewsnow.com/2020/03/24/hawaii-public-school-campuses-remain-closed-through-april/,2020-03-24,True,https://www.khon2.com/coronavirus/8-new-covid-19-cases-in-hawaii-bringing-state-total-to-56/,2020-03-23,True,https://www.khon2.com/coronavirus/8-new-covid-19-cases-in-hawaii-bringing-state-total-to-56/,2020-03-23,True,https://www.khon2.com/coronavirus/8-new-covid-19-cases-in-hawaii-bringing-state-total-to-56/,2020-03-23,True,https://www.khon2.com/coronavirus/8-new-covid-19-cases-in-hawaii-bringing-state-total-to-56/,2020-03-24,True,https://health.hawaii.gov/news/corona-virus/hawaii-covid-19-daily-news-digest-march-27-2020/,2020-03-27,False,http://www.thebus.org/,,2020-04-11 21:17:32
17031,True,https://www.cookcountypublichealth.org/communicable-diseases/covid-19/schools-workplaces-and-communities/schools/,2020-03-17,True,https://www.cookcountypublichealth.org/communicable-diseases/covid-19/schools-workplaces-and-communities/workplaces/,2020-03-20,False,,,True,https://www.cookcountypublichealth.org/communicable-diseases/covid-19/schools-workplaces-and-communities/workplaces/,2020-04-01,True,https://www.cookcountypublichealth.org/communicable-diseases/covid-19/schools-workplaces-and-communities/communities/,2020-04-01,False,,,False,,,2020-04-09 11:32:26
17043,True,https://wgntv.com/chicago-area-school-closings/,2020-03-29,True,,2020-03-16,False,https://www.chicagotribune.com/coronavirus/ct-coronavirus-illinois-shelter-in-place-lockdown-order-20200320-teedakbfw5gvdgmnaxlel54hau-story.html,,True,,2020-03-20,True,https://www.chicagotribune.com/coronavirus/ct-coronavirus-illinois-shelter-in-place-lockdown-order-20200320-teedakbfw5gvdgmnaxlel54hau-story.html,2020-03-20,False,,,False,https://www.dupageco.org/EDP/Public_Transit/10467/,,2020-04-12 09:22:18
17097,True,https://www.chicagotribune.com/suburbs/lake-county-news-sun/ct-lns-coronavirus-lake-county-school-closures-st-0314-20200313-djag472xnvgnlf65kiyxzxntwa-story.html,2020-03-16,True,https://www.lakecountyil.gov/4420/COVID-19-Updates,2020-03-31,False,,,True,https://www.lakecountyil.gov/4420/COVID-19-Updates,2020-03-31,True,https://www.lakecountyil.gov/4420/COVID-19-Updates,2020-03-31,False,,,False,,,2020-04-12 00:16:49
17197,True,https://patch.com/illinois/joliet/joliet-public-schools-district-86-closures,2020-03-17,True,https://willcountyhealth.org/coronavirus-information/,2020-03-31,False,,,True,https://willcountyhealth.org/coronavirus-information/,2020-03-31,,,,False,https://willcountyhealth.org/coronavirus-information/,,False,,,2020-04-12 00:29:12
18097,True,https://www.marion.k12.in.us/mcs-coronavirus-covid-19-information,2020-02-28,False,,,False,,,True,https://www.marion.k12.in.us/mcs-coronavirus-covid-19-information,2020-02-28,True,https://wpta21.com/2020/03/23/indiana-gov-holcomb-issues-stay-at-home-order-amid-covid-19-outbreak/,2020-03-23,False,https://www.wfyi.org/news/articles/covid-19-testing-in-central-indiana,,False,,,2020-04-12 08:00:37
21111,True,https://www.wdrb.com/news/jcps-louisville-area-schools-to-close-for-3-weeks-starting-monday-amid-covid-19-outbreak/article_f1ede79e-63bd-11ea-ae02-a7a0b3eaf63d.html,2020-03-16,True,https://louisvilleky.gov/news/what-you-need-know-about-coronavirus,2020-03-12,False,,,True,https://louisvilleky.gov/news/what-you-need-know-about-coronavirus,2020-03-12,True,https://louisvilleky.gov/news/what-you-need-know-about-coronavirus,2020-03-12,True,https://louisvilleky.gov/news/what-you-need-know-about-coronavirus,2020-03-05,False,,,2020-04-11 20:17:10
24005,True,https://www.bcps.org/status/,2020-03-16,True,https://baltimore.cbslocal.com/2020/04/09/coronavirus-resources-baltimore-county-issues-immediate-hiring-freeze-for-all-non-essential-workers/,2020-04-09,True,https://patch.com/maryland/towson/baltimore-county-police-demonstrate-social-distancing,2020-03-30,True,https://www.baltimoresun.com/coronavirus/bs-md-stay-at-home-hogan-covid-19-20200330-pmid22rvirdwbppx4xpgjadoim-story.html,2020-03-30,True,https://www.baltimoresun.com/coronavirus/bs-md-stay-at-home-hogan-covid-19-20200330-pmid22rvirdwbppx4xpgjadoim-story.html,2020-03-30,True,https://www.wusa9.com/article/news/health/coronavirus/heres-a-list-of-testing-centers-across-the-dmv-area/65-d8542f08-ad11-450a-941d-ab56ca9b68a5,2020-03-13,False,,,2020-04-12 11:15:31
24031,True,https://news.maryland.gov/msde/state-superintendent-salmon-announces-temporary-closure-of-maryland-public-schools/,2020-03-16,True,https://governor.maryland.gov/2020/03/23/governor-hogan-announces-closure-of-all-non-essential-businesses-175-million-relief-package-for-workers-and-small-businesses-affected-by-covid-19/,2020-03-23,True,https://governor.maryland.gov/wp-content/uploads/2020/03/Gatherings-FOURTH-AMENDED-3.30.20.pdf,2020-03-30,True,https://governor.maryland.gov/wp-content/uploads/2020/03/Gatherings-FOURTH-AMENDED-3.30.20.pdf,2020-03-30,True,https://governor.maryland.gov/2020/03/12/governor-hogan-announces-major-actions-to-protect-public-health-limit-spread-of-covid-19-pandemic/,2020-03-12,False,,,False,,,2020-04-12 21:21:44
24033,True,https://www.princegeorgescountymd.gov/3397/Coronavirus,2020-03-20,True,https://governor.maryland.gov/2020/03/23/governor-hogan-announces-closure-of-all-non-essential-businesses-175-million-relief-package-for-workers-and-small-businesses-affected-by-covid-19/,2020-03-23,True,https://baltimore.cbslocal.com/2020/03/23/coronavirus-latest-maryland-governor-hogan-closes-all-non-essential-businesses/,2020-03-23,True,https://governor.maryland.gov/2020/03/23/governor-hogan-announces-closure-of-all-non-essential-businesses-175-million-relief-package-for-workers-and-small-businesses-affected-by-covid-19/,2020-03-23,True,https://baltimore.cbslocal.com/2020/03/23/coronavirus-latest-maryland-governor-hogan-closes-all-non-essential-businesses/,2020-03-23,True,https://www.hyattsvillewire.com/2020/03/20/coronavirus-drive-thru-testing/,2020-03-20,False,https://www.princegeorgescountymd.gov/1122/Maps-Schedules,,2020-04-12 22:57:36
25009,True,https://www.salemk12.org/news/what_s_new/c_o_v_i_d-19_update_and_school_closure,2020-03-13,True,https://www.salem.org/covid19/,2020-03-10,True,https://www.nbcboston.com/on-air/as-seen-on/salem-to-fine-people-for-not-wearing-masks/2105473/,2020-04-10,True,https://salem.wickedlocal.com/news/20200323/stay-home-advisory-biz-closure-order-issued,2020-03-23,,https://www.salem.org/covid19/,2020-03-10,True,https://patch.com/massachusetts/beverly/coronavirus-testing-available-north-shore-residents,2020-04-01,True,https://www.mbta.com/accessibility/the-ride,2020-04-10,2020-04-11 20:04:39
25017,True,https://www.cambridgema.gov/covid19/updates,2020-03-13,True,https://www.cambridgema.gov/covid19/updates,2020-03-17,False,,,True,https://www.cambridgema.gov/covid19/updates,2020-03-15,True,https://www.cambridgema.gov/covid19/updates,2020-03-15,True,https://www.cambridgema.gov/covid19,2020-04-10,False,,,2020-04-12 22:46:42
25021,True,https://www.brookline.k12.ma.us/cms/lib/MA01907509/Centricity/Domain/25/40cfdac3-6773-4712-9e35-a40300914af0.pdf,2020-03-15,True,https://needham.wickedlocal.com/news/20200409/coronavirus-in-massachusetts-heres-what-we-know-latest-updates-town-by-town,2020-03-24,False,,,True,https://needham.wickedlocal.com/news/20200409/coronavirus-in-massachusetts-heres-what-we-know-latest-updates-town-by-town,2020-03-24,False,,,True,https://www.wbur.org/commonhealth/2020/03/17/drive-through-coronavirus-tests-boston,2020-03-17,,,,2020-04-12 00:02:45
25025,True,https://www.bostonpublicschools.org/cms/lib/MA01906464/Centricity/Domain/294/2020-3-13%20Closure%20Notice.pdf,2020-03-17,True,https://www.boston.gov/departments/public-health-commission/coronavirus-timeline,2020-03-24,False,,,True,https://www.boston.gov/departments/public-health-commission/coronavirus-timeline,2020-03-23,True,https://www.boston.gov/departments/public-health-commission/coronavirus-timeline,2020-03-15,True,https://www.mass.gov/info-details/covid-19-cases-quarantine-and-monitoring#testing-at-the-massachusetts-state-public-health-laboratory-,2020-02-28,True,https://www.mbta.com/covid19?utm_campaign=curated-content&utm_content=Service+Changes&utm_medium=banner&utm_source=homepage&utm_term=null,2020-04-10,2020-04-11 18:23:30
25027,True,https://www.masslive.com/coronavirus/2020/03/massachusetts-coronavirus-update-schools-closing-or-changing-schedules-for-friday-march-13.html,2020-03-13,True,https://www.telegram.com/news/20200323/mass-begins-shutdown-of-non-essential-businesses-tuesday,2020-03-21,False,,,True,https://www.masslive.com/coronavirus/2020/03/massachusetts-stay-at-home-orders-what-you-need-to-know-about-the-latest-covid-19-restrictions.html,2020-03-21,True,https://www.masslive.com/coronavirus/2020/03/massachusetts-stay-at-home-orders-what-you-need-to-know-about-the-latest-covid-19-restrictions.html,2020-03-21,True,https://www.cnbc.com/2020/03/19/coronavirus-cvs-opens-its-first-drive-up-testing-site-in-massachusetts.html,2020-03-26,False,https://www.therta.com/,,2020-04-12 10:53:30
26099,True,https://www.macombdaily.com/news/state/macomb-state-schools-closing-for-weeks-beginning-monday/article_859a8924-64d7-11ea-9ca9-6b0b0eada90b.html,2020-03-12,True,https://www.clickondetroit.com/news/local/2020/04/06/law-enforcement-cracks-down-on-nonessential-business-violations/,2020-03-24,True,https://www.macombdaily.com/news/coronavirus/state-sets-1-000-fine-for-violating-social-distancing-orders/article_cf9db54f-0b2e-554c-a3fc-9084c00ad87a.html,2020-04-02,True,https://www.clickondetroit.com/news/2020/03/23/michigan-issues-stay-at-home-order-amid-coronavirus-heres-what-it-means/,2020-03-24,True,https://www.metroparent.com/daily/family-fun/family-events/events-canceled-for-covid-19/,2020-03-24,True,https://www.clickondetroit.com/news/local/2020/03/25/drive-up-coronavirus-covid-19-testing-site-opens-friday-in-detroit-how-it-works/,2020-03-27,False,https://www.macombdaily.com/news/coronavirus/smart-to-reduce-services-further-as-ridership-down-due-to-covid-19-impact/article_5b9ad2b6-7277-11ea-8745-f30972286b7b.html,,2020-04-11 23:26:15
26125,True,,,True,https://www.oakgov.com/pages/news.aspx#/media-advisory-county-executive-coulter-announces-new-health-order-for-screening-employees-and-maintaining-social-distancing-at-essential-businesses,2020-03-16,False,,,False,,,False,,,False,,,False,,,2020-04-12 18:58:25
26163,True,https://detroit.cbslocal.com/2020/03/26/full-list-of-coronavirus-cancellations-postponements-closures-in-michigan/,2020-03-16,True,https://www.waynecounty.com/departments/hhvs/coronavirus-response-continues-at-wayne-county-public.aspx,2020-03-12,True,https://www.clickondetroit.com/news/local/2020/04/03/michigan-officials-follow-covid-19-social-distancing-orders-or-face-fines-up-to-1000/,2020-04-02,True,https://www.clickondetroit.com/news/2020/03/23/michigan-issues-stay-at-home-order-amid-coronavirus-heres-what-it-means/,2020-03-24,True,https://www.wxyz.com/news/national/coronavirus/wayne-county-canceling-all-county-events-for-30-days-some-employees-on-paid-furlough,,True,https://www.clickondetroit.com/news/local/2020/03/27/drive-up-coronavirus-covid-19-testing-site-opens-today-in-detroit-how-it-works/,2020-03-27,False,https://www.clickondetroit.com/news/local/2020/04/07/im-terrified-of-getting-it-bus-drivers-push-detroit-to-halt-service-during-coronavirus-covid-19-pandemic/,,2020-04-11 13:51:44
27053,False,,,True,https://content.govdelivery.com/accounts/MNHENNE/bulletins/2836299,2020-03-17,False,,,True,https://www.hennepin.us/residents/emergencies/covid-19,2020-03-17,False,,,False,,,False,,,2020-04-12 19:29:06
29095,True,https://www.semissourian.com/story/2675615.html,2020-03-18,True,https://www.jacksongov.org/1185/COVID-19-Service-and-Event-Changes,2020-03-24,False,,,True,https://www.jacksongov.org/1185/COVID-19-Service-and-Event-Changes,2020-03-24,True,https://www.jacksongov.org/1185/COVID-19-Service-and-Event-Changes,2020-03-24,False,,,False,,,2020-04-12 00:08:48
29189,True,https://www.stlmag.com/news/st-louis-school-closings-during-coronavirus/,2020-03-16,True,https://stlouisco.com/portals/8/docs/document%20library/CountyExecutive/Executive%20Orders/Stay%20at%20Home%20Order.pdf,2020-03-23,True,https://callnewspapers.com/st-louis-county-issues-stay-at-home-order-starting-monday-region-will-follow/,2020-03-23,True,https://stlouisco.com/portals/8/docs/document%20library/CountyExecutive/Executive%20Orders/Stay%20at%20Home%20Order.pdf,2020-03-23,True,https://www.stlmag.com/news/st-louis-school-closings-during-coronavirus/,2020-03-16,True,https://health.mo.gov/living/healthcondiseases/communicable/novel-coronavirus/mobile-testing.php,2020-03-25,False,,,2020-04-12 23:45:38
32003,True,https://lasvegassun.com/news/2020/mar/15/nevadas-k-12-schools-closed-until-april-6-out-of-c/,2020-03-15,True,https://www.post-gazette.com/business/pittsburgh-company-news/2020/03/17/Nevada-governor-orders-casinos-close-coronavirus-non-essential-businesses/stories/202003170192,2020-03-18,False,,,True,https://www.southernnevadahealthdistrict.org/coronavirus,2020-03-18,True,https://www.southernnevadahealthdistrict.org/coronavirus,2020-03-18,True,https://www.fox5vegas.com/coronavirus/unlv-medicine-offers-curbside-covid-19-testing-by-appointment/article_abda7702-6d6f-11ea-bca3-2fd2e4046f6c.html,2020-03-23,False,,,2020-04-12 21:23:55
34003,True,https://www.nbcnewyork.com/news/coronavirus/coronavirus-closes-all-tri-state-schools-what-the-shutdown-means-for-students-teachers-in-each-state/2330241/,2020-03-17,True,https://www.northjersey.com/story/news/bergen/2020/03/19/coronavirus-nj-planned-bergen-county-business-shutdown-canceled/2874049001/,2020-03-19,False,,,True,http://ready.nj.gov/plan-prepare/shelter.shtml,,True,https://www.tapinto.net/towns/hackensack/articles/bergen-county-executive-amends-executive-order-to-include-closures-of-theaters-limits-on-public-gatherings,2020-04-13,True,https://patch.com/new-jersey/paramus/bergen-countys-coronavirus-test-site-already-capacity,2020-03-22,False,https://www.co.bergen.nj.us/community-transportation,,2020-04-12 09:13:45
34013,True,https://essexcountynj.org/essex-county-executive-divincenzo-school-board-president-father-leahy-and-superintendent-pederson-announce-essex-county-schools-of-technology-will-shift-to-on-line-instruction-for-two-weeks/,2020-03-16,True,https://www.tapinto.net/towns/newark/sections/coronavirus-news/articles/baraka-imposes-shelter-in-place-order-for-three-newark-neighborhoods,2020-03-21,True,https://www.northjersey.com/story/news/essex/2020/04/07/nj-coronavirus-newark-police-issue-800-summonses-close-businesses/2960013001/,2020-03-31,True,https://www.tapinto.net/towns/newark/sections/coronavirus-news/articles/baraka-imposes-shelter-in-place-order-for-three-newark-neighborhoods,2020-03-21,True,https://www.tapinto.net/towns/newark/sections/coronavirus-news/articles/baraka-imposes-shelter-in-place-order-for-three-newark-neighborhoods,2020-03-21,True,https://essexcountynj.org/essex-county-executive-divincenzo-freeholder-president-gill-and-vice-president-richardson-announce-screening-site-for-novel-coronavirus-covid-19-to-open-in-essex-county-weequahic-park/,2020-03-26,False,,,2020-04-11 18:41:39
34023,True,https://nj1015.com/closings-2/,2020-03-18,True,https://www.nj.com/coronavirus/2020/03/nonessential-businesses-will-be-shut-down-in-nj-due-to-coronavirus-outbreak-gov-murphy-says.html,2020-03-20,True,https://www.northbrunswicknj.gov/images/notices/Enforcement-of-Safe-Distancing-Declaration.pdf,2020-03-18,True,https://www.tapinto.net/towns/piscataway/articles/n-j-issues-stay-at-home-order-more-relief-coming-for-small-businesses-2,2020-03-18,True,https://www.nj.com/coronavirus/2020/03/nonessential-businesses-will-be-shut-down-in-nj-due-to-coronavirus-outbreak-gov-murphy-says.html,2020-03-20,True,https://patch.com/new-jersey/edison-metuchen/edison-dmv-inspection-center-turned-coronavirus-test-site,2020-04-12,False,,,2020-04-12 11:22:03
35001,True,https://www.aps.edu/about-us/superintendent/superintendents-message/schools-closed-for-the-school-year,2020-03-27,,,,True,https://www.krqe.com/health/coronavirus-new-mexico/city-issuing-warnings-citations-to-non-essential-businesses/,2020-04-08,True,https://www.kob.com/coronavirus/gov-lujan-grisham-issues-stay-at-home-instructions-to-stop-spread-of-covid-19/5682623/,2020-03-24,True,https://www.kob.com/coronavirus/gov-lujan-grisham-issues-stay-at-home-instructions-to-stop-spread-of-covid-19/5682623/,2020-03-24,True,https://www.krqe.com/health/coronavirus-resources/covid-19-testing-sites-new-mexico/,2020-04-06,False,,,2020-04-12 00:42:20
36005,True,https://www.schools.nyc.gov/school-life/health-and-wellness/coronavirus-update,2020-03-17,True,https://www.governor.ny.gov/news/no-2026-continuing-temporary-suspension-and-modification-laws-relating-disaster-emergency,2020-03-20,True,https://theintercept.com/2020/04/03/nypd-social-distancing-arrests-coronavirus/,2020-04-03,True,https://coronavirus.health.ny.gov/covid-19-testing,2020-03-20,True,https://coronavirus.health.ny.gov/covid-19-testing,2020-03-20,True,https://www.statcarewalkin.com/covid-19-testing-near-me-bronx-10475-ny-coronavirus-cost-test-available/,2020-04-10,True,https://new.mta.info/precautions-against-coronavirus,2020-04-10,2020-04-10 20:28:34
36029,True,https://www.wivb.com/weather/closings-and-delays/,2020-04-20,True,https://www2.erie.gov/health/index.php?q=covid-19-information-businesses-0,2020-03-20,False,,,True,https://www2.erie.gov/health/index.php?q=covid-19-information-businesses-0,2020-03-20,True,https://www2.erie.gov/health/index.php?q=covid-19-information-businesses-0,2020-04-20,True,https://buffalonews.com/2020/04/05/erie-county-still-trails-major-counties-in-covid-19-tests-despite-growing-need/,,False,https://www2.erie.gov/driving/index.php?q=transportation-options-amp-services,,2020-04-12 09:32:28
36047,True,https://www.schools.nyc.gov/school-life/health-and-wellness/coronavirus-update,2020-03-17,True,https://www.governor.ny.gov/news/no-2026-continuing-temporary-suspension-and-modification-laws-relating-disaster-emergency,2020-03-20,True,https://theintercept.com/2020/04/03/nypd-social-distancing-arrests-coronavirus/,2020-04-03,True,https://ny.curbed.com/2020/3/20/21187022/coronavirus-new-york-shutdown-shelter-in-place,2020-03-20,True,https://www.governor.ny.gov/news/no-2026-continuing-temporary-suspension-and-modification-laws-relating-disaster-emergency,2020-03-20,True,https://www.statcarewalkin.com/covid-19-testing-near-me-brooklyn-11216-ny-coronavirus-cost-test-available/,2020-04-10,True,https://new.mta.info/precautions-against-coronavirus,2020-04-10,2020-04-10 20:17:48
36055,True,https://www.rcsdk12.org/cms/lib/NY01001156/Centricity/Domain/1/Letter%20from%20Terry%20Dade%20to%20community%203142020.pdf,2020-03-16,True,https://www2.monroecounty.gov/health-COVID-19,2020-04-11,False,,,True,,2020-04-11,True,,2020-04-11,True,https://www.rochesterregional.org/news/2020/03/coronavirus-testing-rochester,2020-04-08,False,,,2020-04-11 21:20:14
36059,True,https://www.nassaucountyny.gov/4969/Department-Closures-Operations,2020-03-16,True,https://www.nassaucountyny.gov/DocumentCenter/View/28838/Coronavirus-UPDATE-2020-85-x-11-0092?bidId=,2020-03-16,False,,,False,,,True,https://www.nassaucountyny.gov/DocumentCenter/View/28838/Coronavirus-UPDATE-2020-85-x-11-0092?bidId=,2020-03-16,False,,,False,,,2020-04-12 19:37:00
36061,True,https://www.schools.nyc.gov/school-life/health-and-wellness/coronavirus-update,2020-03-17,True,https://www.governor.ny.gov/news/no-2026-continuing-temporary-suspension-and-modification-laws-relating-disaster-emergency,2020-03-20,True,https://theintercept.com/2020/04/03/nypd-social-distancing-arrests-coronavirus/,2020-03-20,True,https://www.governor.ny.gov/news/no-2026-continuing-temporary-suspension-and-modification-laws-relating-disaster-emergency,2020-03-20,True,https://www.governor.ny.gov/news/no-2026-continuing-temporary-suspension-and-modification-laws-relating-disaster-emergency,2020-03-20,True,https://coronavirus.health.ny.gov/covid-19-testing,2020-03-11,True,https://new.mta.info/precautions-against-coronavirus,2020-04-10,2020-04-10 20:24:46
36081,True,https://www.schools.nyc.gov/school-life/health-and-wellness/coronavirus-update,2020-03-17,True,https://www.governor.ny.gov/news/no-2026-continuing-temporary-suspension-and-modification-laws-relating-disaster-emergency,2020-03-20,True,https://theintercept.com/2020/04/03/nypd-social-distancing-arrests-coronavirus/,2020-03-20,True,https://www.governor.ny.gov/news/no-2026-continuing-temporary-suspension-and-modification-laws-relating-disaster-emergency,2020-03-20,True,https://www.governor.ny.gov/news/no-2026-continuing-temporary-suspension-and-modification-laws-relating-disaster-emergency,2020-03-20,True,https://abc7ny.com/coronavirus-testing-site-nyc-update/6091934/,2020-04-10,True,https://new.mta.info/precautions-against-coronavirus,2020-04-10,2020-04-10 20:21:09
36103,True,https://suffolkcountyny.gov/Elected-Officials/County-Executive/School-Closings,2020-03-16,True,https://www.suffolkcountysheriffsoffice.com/nys-essential-services,2020-03-22,False,,,False,,,False,,,True,https://www.suffolkcountyny.gov/Departments/Health-Services/Health-Bulletins/Novel-Coronavirus/COVID-19-Test-Results,,False,,,2020-04-12 20:58:29
36119,True,https://westchestermagazine.com/life-style/news/coronavirus-westchester-schools/,2020-03-14,True,https://www.reuters.com/article/uk-factcheck-coronavirus-leave-schools/false-claim-mandatory-workplace-leave-and-school-closures-announced-to-slow-covid-19-spread-idUSKBN20T2U8,,False,,,True,https://keepingsafe.westchestergov.com/emergency-planning,,True,,,True,https://health.westchestergov.com/,,True,https://keepingsafe.westchestergov.com/emergency-planning,,2020-04-11 21:48:01
37119,True,https://files.nc.gov/governor/documents/files/EO120.pdf,2020-03-16,True,https://www.mecknc.gov/news/Pages/Stay-at-Home-Order.aspx,2020-03-26,True,https://www.mecknc.gov/news/Pages/Stay-at-Home-Order.aspx,2020-03-26,True,https://www.mecknc.gov/news/Pages/County-Issues-'Stay-at-Home'-Order-for-Next-21-Days.aspx,2020-03-26,True,https://www.mecknc.gov/news/Documents/Order%20Prohibiting%20Mass%20Gatherings.pdf,2020-03-16,True,https://qcnerve.com/covid-19-charlotte-mecklenburg-north-carolina/,2020-03-17,False,,,2020-04-12 15:11:35
37183,True,"https://wakeweekly.com/stories/wake-county-covid-19-cases-climb-to-52-schools-closed-until-may-15,204411",2020-03-15,True,https://covid19.wakegov.com/wp-content/uploads/2020/04/FinalSignedSOE3-26-20.pdf,2020-03-27,False,,,True,https://covid19.wakegov.com/wake-county-faqs/#stay-at-home-order,2020-03-27,True,https://covid19.wakegov.com/wake-county-faqs/#stay-at-home-order,2020-03-27,False,,,False,,,2020-04-12 11:31:43
39035,False,,,True,https://cuyahogacounty.us/online-services,,False,,,False,,,False,,,True,https://www.uhhospitals.org/healthcare-update/covid-19-testing-locations,,True,http://www.riderta.com/service-alerts/temporary-service-reduction-april-12,2020-04-12,2020-04-12 19:48:05
39049,True,http://education.ohio.gov/Topics/Student-Supports/Coronavirus/Frequently-Asked-Questions-Governor-DeWineâ€™s-Scho,2020-03-12,True,https://www.natlawreview.com/article/ohio-orders-all-non-essential-workers-to-stay-home-us,2020-03-22,True,https://www.dispatch.com/news/20200323/coronavirus-what-will-enforcement-of-stay-at-home-order-look-like,2020-03-23,True,https://www.wsaz.com/content/news/A-shelter-in-place-issued-for-Ohio-569040451.html,2020-03-23,True,https://governor.ohio.gov/wps/portal/gov/governor/media/news-and-media/bans-mass-gatherings-of-100-or-more,2020-03-12,,,,False,https://www.cota.com/coronavirus/,,2020-04-12 13:17:07
39061,True,https://www.cincinnati.com/story/news/2020/03/11/coronavirus-ohio-closures-see-what-schools-games-events-shows-affected/5009801002/,2020-03-17,True,https://www.cincinnati.com/story/news/politics/2020/03/27/coronavirus-has-closed-non-essential-businesses-hamilton-county-wants-ohio-enforce/2925328001/,2020-03-27,True,wlwt.com/article/violate-ohios-stay-at-home-order-you-could-be-charged-with-a-misdemeanor/31901836,2020-03-27,True,https://www.cincinnati.com/story/news/politics/2020/03/22/coronavirus-ohio-gov-mike-dewine-sunday-update-states-response/2894473001/,2020-03-27,True,https://www.cincinnati.com/story/news/politics/2020/03/22/coronavirus-ohio-gov-mike-dewine-sunday-update-states-response/2894473001/,2020-03-27,True,https://www.uchealth.com/en/covid-19/covid-19-updates,2020-03-30,,https://www.cincinnati-oh.gov/streetcar/streetcar-updates/streetcar-service-suspended-due-to-covid-19/,2020-04-01,2020-04-12 11:48:35
40109,True,https://www.okcps.org/site/default.aspx?PageType=3&DomainID=4&ModuleInstanceID=88&ViewID=6446EE88-D30C-497E-9316-3F8874B3E108&RenderLoc=0&FlexDataID=8974&PageID=1,2020-03-13,True,https://www.okc.gov/residents/prepare-okc/know-what-to-do/covid-19-coronavirus-in-okc/covid-19-emergency-restrictions-in-oklahoma-city,2020-03-16,False,,,True,https://www.okc.gov/residents/prepare-okc/know-what-to-do/covid-19-coronavirus-in-okc/covid-19-emergency-restrictions-in-oklahoma-city,2020-03-16,True,https://www.okc.gov/residents/prepare-okc/know-what-to-do/covid-19-coronavirus-in-okc/covid-19-emergency-restrictions-in-oklahoma-city,2020-03-16,True,https://www.occhd.org/COVID-19,2020-04-13,False,,,2020-04-11 19:55:02
41051,True,https://www.pps.net/,2020-04-08,True,https://multco.us/novel-coronavirus-covid-19/covid-19-guidance#Business,2020-03-23,False,,,True,https://multco.us/novel-coronavirus-covid-19/covid-19-guidance,2020-03-23,True,https://multco.us/novel-coronavirus-covid-19/covid-19-guidance,2020-03-23,False,,,False,https://multco.us/ads/transportation,,2020-04-12 11:57:10
42003,True,,,True,https://www.alleghenycounty.us/Health-Department/Resources/COVID-19/Information-for-Residents/Mitigation-Steps.aspx,2020-03-19,False,,,True,https://www.alleghenycounty.us/Health-Department/Resources/COVID-19/Information-for-Residents/Mitigation-Steps.aspx,2020-03-19,False,,,True,https://www.wesa.fm/post/where-get-tested-covid-19-pittsburgh-and-what-you-need-bring#stream/0,,False,,,2020-04-12 19:14:57
42091,True,https://www.inquirer.com/health/coronavirus/montgomery-county-schools-closed-coronavirus-pennsylvania-20200313.html,2020-03-12,True,https://www.montcopa.org/3499/Business-ClosuresRestrictions,2020-03-19,True,https://6abc.com/covid19-cases-us-coronavirus-symptoms/6042908/,2020-03-23,True,https://philadelphia.cbslocal.com/2020/03/23/coronavirus-pennsylvania-gov-wolf-to-issue-stay-at-home-order-for-philadelphia-surrounding-counties/,2020-03-23,True,https://6abc.com/pa-coronavirus-montgomery-county-covid-pennsylvnia/6015347/,2020-03-23,True,https://6abc.com/coronavirus-montgomery-county-montco-covid-19-death/6049167/,2020-03-20,False,,,2020-04-12 10:42:01
42101,True,https://www.philasd.org/wp-content/uploads/2020/03/LTR-Coronavirus-Schools-Closed-031320-2.pdf,2020-03-16,True,https://www.phila.gov/2020-03-22-the-new-business-activity-and-stay-at-home-order-what-you-need-to-know/,2020-03-23,True,https://www.phillyvoice.com/stay-at-home-order-violations-police-philly-100-fine-coronavirus/,2020-04-02,True,https://www.phila.gov/2020-03-22-the-new-business-activity-and-stay-at-home-order-what-you-need-to-know/,2020-03-23,True,https://www.phila.gov/2020-03-22-the-new-business-activity-and-stay-at-home-order-what-you-need-to-know/,2020-03-23,True,https://www.phila.gov/programs/coronavirus-disease-2019-covid-19/guidance/getting-tested-for-covid-19/,2020-04-11,True,http://www.septa.org/,2020-04-10,2020-04-12 22:51:57
47037,True,https://www.mnps.org/covid19,2020-03-23,True,https://www.asafenashville.org/public-health-orders/,2020-03-22,False,,,True,https://www.asafenashville.org/public-health-orders/,2020-03-22,True,,2020-03-22,True,https://tnmap.maps.arcgis.com/apps/opsdashboard/index.html#/da62f539a92748d09250ff67e4e6b2c9,2020-04-10,False,,,2020-04-12 00:21:58
47157,True,http://www.scsk12.org/coronavirusfacts/,2020-04-23,True,https://www.shelbycountytn.gov/CivicAlerts.aspx?AID=2726,2020-03-23,True,https://shelbycountytn.gov/CivicAlerts.aspx?AID=2724,2020-03-23,True,https://shelbycountytn.gov/CivicAlerts.aspx?AID=2724,2020-03-26,True,https://www.shelbycountytn.gov/CivicAlerts.aspx?AID=2726,,True,https://insight.livestories.com/s/v2/shelby-county-health-department-covid-19/db01f01b-3f9d-460a-9548-1db37ed0ccbd,,False,https://www.shelbycountytn.gov/1285/Transportation,,2020-04-12 08:43:23
48029,True,https://www.tpr.org/post/san-antonio-area-school-districts-close-amid-covid-19-most-will-offer-curbside-lunch,2020-03-13,True,https://www.bexar.org/3234/COVID-19,2020-03-23,False,,,True,https://www.bexar.org/3234/COVID-19,2020-03-23,True,https://www.bexar.org/3234/COVID-19,2020-03-19,True,https://www.bexar.org/3234/COVID-19,2020-04-10,True,https://www.viainfo.net/2020/03/30/service_033020/,2020-04-06,2020-04-12 22:37:22
48085,True,https://localprofile.com/2020/03/18/coronavirus-updates-collin-county/,2020-03-23,True,https://gov.texas.gov/uploads/files/press/EO-GA-14_Statewide_Essential_Service_and_Activity_COVID-19_IMAGE_03-31-2020.pdf,2020-03-31,False,,,True,https://dfw.cbslocal.com/wp-content/uploads/sites/15909545/2020/03/20200324-Chris-Hill-Executive-Order-FINAL-1.pdf,2020-03-24,True,https://dfw.cbslocal.com/wp-content/uploads/sites/15909545/2020/03/20200324-Chris-Hill-Executive-Order-FINAL-1.pdf,2020-03-19,True,https://localprofile.com/2020/03/20/drive-thru-consultations-for-coronavirus-symptoms-available-collin-county/,2020-03-16,False,,,2020-04-12 22:57:17
48113,True,https://www.dallasisd.org/cms/lib/TX01001475/Centricity/Domain/11840/Board%20of%20Trustees%20Statement_District%20Closing_031620.pdf,2020-03-20,True,https://www.dallascounty.org/covid-19/judge-orders.php,2020-03-31,False,,,True,https://www.dallascounty.org/covid-19/judge-orders.php,2020-03-31,True,https://www.dallascounty.org/covid-19/judge-orders.php,2020-03-31,True,https://www.dallascounty.org/covid-19/testing-locations.php,2020-04-10,False,,,2020-04-10 19:36:29
48121,True,https://www.dentonisd.org/site/default.aspx?PageType=3&DomainID=1&ModuleInstanceID=113049&ViewID=6446EE88-D30C-497E-9316-3F8874B3E108&RenderLoc=0&FlexDataID=161614&PageID=1,2020-03-16,True,https://www.msn.com/en-us/news/us/denton-county-orders-residents-to-stay-at-home-closes-non-essential-businesses/ar-BB11Er6G,2020-03-24,True,https://dentonrc.com/coronavirus_outbreak/denton-county-issues-stay-at-home-order-amid-covid-19-outbreak/article_c2b99e5b-6ae7-5a49-87e1-f174ffcb883c.html,2020-03-24,True,https://www.msn.com/en-us/news/us/denton-county-orders-residents-to-stay-at-home-closes-non-essential-businesses/ar-BB11Er6G,2020-03-24,True,https://www.cityofdenton.com/en-us/government/health-safety/covid-19-information,2020-03-24,True,https://www.crosstimbersgazette.com/2020/03/30/drive-thru-testing-for-covid-19-now-available-in-denton-county/,2020-03-20,False,https://www.dcta.net/schedulechanges,,2020-04-11 22:14:51
48141,True,https://www.elpasotimes.com/story/news/education/2020/03/15/el-paso-schools-coronavirus-plan-education-services/5046489002/,2020-03-15,True,https://www.epcounty.com/documents/Order%20No.%207%20County%20Judge%20Stay%20Home%20Work%20Safe%20Order.pdf,2020-03-24,True,https://www.epcounty.com/documents/Order%20No.%207%20County%20Judge%20Stay%20Home%20Work%20Safe%20Order.pdf,2020-03-24,True,https://www.epcounty.com/documents/Order%20No.%207%20County%20Judge%20Stay%20Home%20Work%20Safe%20Order.pdf,2020-03-24,True,https://www.epcounty.com/documents/Order%20No.%207%20County%20Judge%20Stay%20Home%20Work%20Safe%20Order.pdf,2020-03-16,True,https://www.elpasotimes.com/story/news/2020/04/07/coronavirus-el-paso-testing-covid-19-comapred-texas/5078199002/,2020-03-23,False,,,2020-04-12 03:55:56
48157,True,https://www.houstonchronicle.com/neighborhood/sugarland/news/article/Fort-Bend-ISD-extends-school-closures-through-15135975.php,2020-03-16,True,https://www.fortbendcountytx.gov/home/showdocument?id=53555,2020-03-20,True,https://www.fortbendcountytx.gov/home/showdocument?id=53583,2020-03-20,True,https://www.fortbendcountytx.gov/home/showdocument?id=53748,2020-04-02,True,https://www.fortbendcountytx.gov/home/showdocument?id=53748,2020-04-02,True,https://www.khou.com/article/news/health/coronavirus/first-covid-19-testing-site-in-fort-bend-county-opens-today/285-ad670a8a-d019-47ad-8aa7-30c93da36111,2020-03-26,False,,,2020-04-12 12:14:42
48201,True,https://publichealth.harriscountytx.gov/Resources/2019-Novel-Coronavirus,2020-03-24,True,https://publichealth.harriscountytx.gov/Resources/2019-Novel-Coronavirus,2020-03-24,True,https://www.readyharris.org/Stay-Home,2020-03-24,True,https://publichealth.harriscountytx.gov/Resources/2019-Novel-Coronavirus,2020-03-20,True,https://www.readyharris.org/Stay-Home,2020-03-24,True,https://publichealth.harriscountytx.gov/Resources/2019-Novel-Coronavirus,,True,https://www.ridemetro.org/Pages/Coronavirus.aspx,2020-03-30,2020-04-09 18:08:51
48215,True,https://www.ecisd.us/apps/pages/coronavirus,2020-03-17,True,https://www.hidalgocounty.us/DocumentCenter/View/36748/3252020-Final-Modified-Emergency-Orders,2020-03-26,True,https://www.gosanangelo.com/story/news/2020/03/24/how-police-enforcing-social-distancing-texas/2907757001/,2020-03-24,True,https://www.hidalgocounty.us/DocumentCenter/View/36748/3252020-Final-Modified-Emergency-Orders,2020-03-26,True,https://www.hidalgocounty.us/DocumentCenter/View/36748/3252020-Final-Modified-Emergency-Orders,2020-03-26,False,https://www.themonitor.com/2020/03/13/hidalgo-county-public-testing-covid-19-not-currently-available-locally/,,False,,,2020-04-11 23:51:48
48439,True,https://dfw.cbslocal.com/2020/03/24/all-schools-in-the-fort-worth-independent-school-district-closed-until-further-notice/,2020-03-24,True,https://www.star-telegram.com/news/local/fort-worth/article241443911.html,2020-03-24,True,https://www.texastribune.org/2020/03/23/texas-coronavirus-order-enforcement/,2020-03-24,True,https://www.tarrantcounty.com/content/dam/main/global/Covid-19/covid-19-EO-stay-at-home-amended-signed03-24-20.pdf,2020-03-24,True,https://www.tarrantcounty.com/content/dam/main/global/Covid-19/covid-19-EO-stay-at-home-amended-signed03-24-20.pdf,2020-03-24,True,https://www.dshs.state.tx.us/coronavirus/testing.aspx,2020-03-31,False,,,2020-04-11 13:51:35
48453,True,https://www.austinisd.org/covid19/communications,2020-03-06,True,https://www.traviscountytx.gov/images/docs/200314-gathering-order.pdf,2020-03-24,True,https://www.traviscountytx.gov/images/docs/200314-gathering-order.pdf,2020-03-24,True,https://www.traviscountytx.gov/images/docs/200314-gathering-order.pdf,2020-03-24,True,https://www.traviscountytx.gov/images/docs/200314-gathering-order.pdf,2020-03-24,True,https://txdshs.maps.arcgis.com/apps/webappviewer/index.html?id=297f10f479d74b569322084e5215541e,,,,,2020-04-12 15:21:33
49035,True,https://slco.org/globalassets/1-site-files/health/programs/covid/pho/pho4.pdf,2020-03-06,True,https://slco.org/globalassets/1-site-files/health/programs/covid/pho/pho4.pdf,2020-03-16,False,https://slco.org/globalassets/1-site-files/health/programs/covid/pho/pho3.pdf,,True,https://slco.org/globalassets/1-site-files/health/programs/covid/pho/pho4.pdf,2020-03-10,True,https://slco.org/globalassets/1-site-files/health/programs/covid/pho/pho4.pdf,2020-03-16,True,https://intermountainhealthcare.org/covid19-coronavirus/get-testing/,,,,,2020-04-12 15:37:37
49043,True,http://www.pcschools.us/wp-content/uploads/2020/03/3-23-20-Schools-Dismissed-through-May-1.pdf,2020-03-16,True,https://www.summitcounty.org/DocumentCenter/View/10751/Joint-Public-Health-Order-2020-03-FINAL,2020-03-27,True,https://www.summitcounty.org/DocumentCenter/View/10751/Joint-Public-Health-Order-2020-03-FINAL,2020-03-27,True,https://www.summitcounty.org/DocumentCenter/View/10751/Joint-Public-Health-Order-2020-03-FINAL,2020-03-27,True,https://www.summitcounty.org/DocumentCenter/View/10751/Joint-Public-Health-Order-2020-03-FINAL,2020-03-27,True,https://kutv.com/news/local/curbside-coronavirus-testing-now-available-in-summit-county,2020-04-02,False,,,2020-04-09 23:04:50
51059,True,https://fairfaxcountyemergency.wpcomstaging.com/2020/03/23/governor-announces-business-and-school-closures-due-to-covid-19/,2020-03-23,True,https://fairfaxcountyemergency.wpcomstaging.com/2020/03/23/governor-announces-business-and-school-closures-due-to-covid-19/,2020-03-23,,,,True,https://fairfaxcountyemergency.wpcomstaging.com/2020/03/30/fairfax-county-ask-residents-to-follow-states-stay-at-home-order/,2020-03-30,True,https://www.fairfaxcounty.gov/health/novel-coronavirus/gatherings,2020-03-18,True,https://fairfax-county-covid-19-geospatial-resources-fairfaxcountygis.hub.arcgis.com/app/27f5cb6f34bd4c92ab469b65305b080b,,True,https://www.fairfaxcounty.gov/connector/news/c12_20,2020-04-11,2020-04-12 15:56:38
53033,True,https://www.kingcounty.gov/depts/health/communicable-diseases/disease-control/novel-coronavirus/schools/closures.aspx,2020-03-23,True,https://www.kingcounty.gov/depts/health/communicable-diseases/disease-control/novel-coronavirus.aspx,2020-03-23,False,,,True,https://www.governor.wa.gov/sites/default/files/proclamations/20-25%20Coronovirus%20Stay%20Safe-Stay%20Healthy%20(tmp)%20(002).pdf,2020-03-02,True,https://www.governor.wa.gov/sites/default/files/proclamations/20-25%20Coronovirus%20Stay%20Safe-Stay%20Healthy%20(tmp)%20(002).pdf,2020-03-23,True,https://www.seattletimes.com/seattle-news/health/how-and-where-to-be-tested-for-the-coronavirus-that-causes-covid-19/,2020-03-19,False,,,2020-04-11 14:14:10
53053,True,https://www.governor.wa.gov/news-media/inslee-announces-school-closures-king-snohomish-and-pierce%C2%A0counties,2020-03-12,True,https://www.piercecountywa.org/CivicAlerts.aspx?NID=1&FID=250,2020-03-24,False,,,True,https://www.piercecountywa.org/CivicAlerts.aspx?NID=1&FID=250,2020-03-24,True,https://www.piercecountywa.org/CivicAlerts.aspx?AID=4556,2020-04-12,True,http://www.tpchd.org/healthy-people/diseases/covid-19-drive-through-testing-information,2020-03-20,False,https://www.piercecountywa.org/CivicAlerts.aspx?NID=1&FID=250,,2020-04-12 23:07:43
53061,True,https://www.heraldnet.com/news/everett-schools-and-others-to-close-due-to-covid-19/,2020-03-13,True,https://everettwa.gov/2570/Stay-home-FAQ,2020-04-02,True,https://www.king5.com/article/news/local/edmonds-everett-issue-stay-at-home-orders/281-30af7352-2838-4842-9a56-46adedb7afe8,2020-03-23,True,https://everettwa.gov/2570/Stay-home-FAQ,2020-04-02,True,https://q13fox.com/2020/03/11/gov-inslee-bans-large-gatherings-in-king-pierce-and-snohomish-counties/,2020-03-11,True,https://www.snohd.org/503/Drive-Thru-Testing-Available-by-Appointm,2020-03-23,False,,,2020-04-12 11:27:24
55079,False,https://www.tmj4.com/weather/school-closings-delays,,True,https://city.milwaukee.gov/Coronavirus#.XpMFAYhKg2w,2020-03-23,True,https://city.milwaukee.gov/ImageLibrary/Groups/ccCouncil/News/2020/District-01/Jointnewsconference-Councilmemberstosendstrongmessageonstay-at-homeorder3.pdf,2020-03-23,True,https://city.milwaukee.gov/Coronavirus#.XpMFAYhKg2w,2020-03-23,True,https://city.milwaukee.gov/Coronavirus#.XpMFAYhKg2w,2020-03-12,False,https://city.milwaukee.gov/Coronavirus#.XpMFAYhKg2w,,False,,,2020-04-12 08:23:40
